newcomb_species_name,species_page,species_inat,subspecies_inat,suggested_species_id,species_inat_link,subspecies_inat_link,multiple_species,multiple_subspecies,warning_species_extraction
Acnida cannabina,414.0,Amaranthus cannabinus,,Amaranthus cannabinus,https://www.inaturalist.org/taxa/145530,,0.0,0.0,0.0
Acorus calamus,398.0,Acorus americanus,,,https://www.inaturalist.org/taxa/157984,,1.0,0.0,0.0
Acorus calamus,398.0,Acorus calamus,,,https://www.inaturalist.org/taxa/82306,,1.0,0.0,0.0
Actinomeris alternifolia,376.0,Verbesina alternifolia,,Verbesina alternifolia,https://www.inaturalist.org/taxa/117442,,0.0,0.0,0.0
Agastache scrophulariaefolia,84.0,Agastache scrophulariifolia,,Agastache scrophulariifolia,https://www.inaturalist.org/taxa/158084,https://www.inaturalist.org/taxa/158084,0.0,0.0,0.0
Alliaria officinalis,138.0,Alliaria petiolata,,Alliaria petiolata,https://www.inaturalist.org/taxa/56061,,0.0,0.0,0.0
Amaranthus graecizans,406.0,Amaranthus blitoides,,Amaranthus blitoides,https://www.inaturalist.org/taxa/58774,https://www.inaturalist.org/taxa/58774,0.0,0.0,0.0
Amianthium muscaetoxicum,334.0,Amianthium muscitoxicum,,Amianthium muscitoxicum,https://www.inaturalist.org/taxa/83015,,0.0,0.0,0.0
Amphicarpa bracteata,110.0,Amphicarpaea bracteata,,Amphicarpaea bracteata,https://www.inaturalist.org/taxa/85485,,0.0,0.0,0.0
Anagallis arvensis,270.0,Lysimachia arvensis,,Lysimachia arvensis,https://www.inaturalist.org/taxa/791928,https://www.inaturalist.org/taxa/791928,0.0,0.0,0.0
Andromeda glaucophylla,292.0,Andromeda polifolia,var.polifolia,Andromeda polifolia,https://www.inaturalist.org/taxa/119892,,0.0,0.0,0.0
Anemone canadensis,280.0,Anemonastrum canadense,,Anemonastrum canadense,https://www.inaturalist.org/taxa/881527,,0.0,0.0,0.0
Anemone lancifolia,288.0,Anemonoides lancifolia,,Anemonoides lancifolia,https://www.inaturalist.org/taxa/950605,,0.0,0.0,0.0
Anemone quinquefolia,288.0,Anemonoides quinquefolia,,Anemonoides quinquefolia,https://www.inaturalist.org/taxa/950598,,0.0,0.0,0.0
Anemone riparia,288.0,Anemone virginiana,var.alba,Anemone virginiana,https://www.inaturalist.org/taxa/126369,https://www.inaturalist.org/taxa/950756,0.0,0.0,0.0
Anemonella thalictroides,392.0,Thalictrum thalictroides,,Thalictrum thalictroides,https://www.inaturalist.org/taxa/118548,,0.0,0.0,0.0
Antennaria canadensis,400.0,Antennaria howellii,,Antennaria howellii ssp. canadensis,https://www.inaturalist.org/taxa/75463,,1.0,0.0,0.0
Antennaria canadensis,400.0,ssp. canadensis,,Antennaria howellii ssp. canadensis,https://www.inaturalist.org/taxa/234276,https://www.inaturalist.org/taxa/234276,1.0,0.0,0.0
Antennaria neodioica,400.0,ssp. neodioica,,Antennaria howellii ssp. neodioica,https://www.inaturalist.org/taxa/234278,https://www.inaturalist.org/taxa/234278,1.0,0.0,0.0
Antennaria neodioica,400.0,ssp. petaloidea,,,,,1.0,0.0,0.0
Antennaria neodioica,400.0,Antennaria parlinii,,,https://www.inaturalist.org/taxa/158413,,1.0,0.0,0.0
Antennaria neodioica,400.0,Antennaria parlinii,ssp. fallax,,,,1.0,0.0,0.0
Antennaria parlinii,400.0,Antennaria parlinii,ssp. parlinii,Antennaria parlinii ssp. parlinii,https://www.inaturalist.org/taxa/234285,https://www.inaturalist.org/taxa/234285,0.0,0.0,0.0
Apocynum cannabinum,250.0,Apocynum cannabinum,,Apocynum cannabinum,https://www.inaturalist.org/taxa/58795,,0.0,0.0,0.0
Apocynum medium,250.0,Apocynum ×floribundum,,Apocynum ×floribundum,https://www.inaturalist.org/taxa/170490,https://www.inaturalist.org/taxa/170490,0.0,0.0,1.0
Arabis canadensis,138.0,Borodinia canadensis,,Borodinia canadensis,https://www.inaturalist.org/taxa/1068237,,0.0,0.0,0.0
Arabis glabra,136.0,Turritis glabra,,Turritis glabra,https://www.inaturalist.org/taxa/79460,,0.0,0.0,0.0
Arabis hirsuta,136.0,Arabis pycnocarpa,,Arabis pycnocarpa,https://huh.harvard.edu/files/22_2_141_al-shehbaz.pdf,,1.0,0.0,0.0
Arabis hirsuta,136.0,Arabis pycnocarpa,,Arabis pycnocarpa,https://www.inaturalist.org/taxa/75498,,1.0,0.0,0.0
Arabis hirsuta,136.0,Arabis pycnocarpa,,,,,1.0,0.0,0.0
Arabis laevigata,150.0,Borodinia laevigata,,Borodinia laevigata,https://www.inaturalist.org/taxa/1038574,,1.0,0.0,0.0
Arabis laevigata,150.0,Borodinia burkii,,,https://www.inaturalist.org/taxa/1068236,,1.0,0.0,0.0
Arabis laevigata,150.0,Borodinia serotina,,,,,1.0,0.0,0.0
Arabis lyrata,150.0,Arabidopsis lyrata,,Arabidopsis lyrata,https://www.inaturalist.org/taxa/119826,,0.0,0.0,0.0
Arenaria caroliniana,276.0,Mononeuria caroliniana,,Mononeuria caroliniana,https://www.inaturalist.org/taxa/836805,,0.0,0.0,0.0
Arenaria groenlandica,276.0,Mononeuria groenlandica,,Mononeuria groenlandica,https://www.inaturalist.org/taxa/836799,,1.0,0.0,0.0
Arenaria groenlandica,276.0,Mononeuria glabra,,Mononeuria glabra,https://www.inaturalist.org/taxa/836798,,1.0,0.0,0.0
Arenaria lateriflora,276.0,Moehringia lateriflora,,Moehringia lateriflora,https://www.inaturalist.org/taxa/165493,,0.0,0.0,0.0
Arenaria peploides,276.0,Honckenya peploides,ssp. robusta,ssp. robusta,https://www.researchgate.net/publication/281577894_Taxonomic_studies_in_the_Alsinoideae_I_Generic_and_infra-generic_groups,,1.0,0.0,0.0
Arenaria peploides,276.0,Honckenya peploides,ssp. robusta,ssp. robusta,https://www.inaturalist.org/taxa/129446,,1.0,0.0,0.0
Arenaria serpyllifolia,276.0,Arenaria serpyllifolia,,,https://www.inaturalist.org/taxa/75553,,1.0,0.0,0.0
Arenaria serpyllifolia,276.0,Arenaria leptoclados,,,https://www.inaturalist.org/taxa/1445247,,1.0,0.0,0.0
Arenaria stricta,272.0,Sabulina michauxii,,Sabulina michauxii,https://www.inaturalist.org/taxa/836882,,0.0,0.0,0.0
Arisaema atrorubens,36.0,Arisaema triphyllum,,Arisaema triphyllum,https://www.inaturalist.org/taxa/50310,,0.0,0.0,0.0
Arisaema triphyllum,36.0,Arisaema pusillum,,Arisaema pusillum,https://www.inaturalist.org/taxa/1425373,,0.0,0.0,0.0
Aristolochia durior,126.0,Aristolochia macrophylla,,Aristolochia macrophylla,https://www.inaturalist.org/taxa/62772,,0.0,0.0,0.0
Armoracia aquatica,148.0,Rorippa aquatica,,Rorippa aquatica,https://www.inaturalist.org/taxa/204396,,0.0,0.0,0.0
Armoracia lapathifolia,138.0,Armoracia rusticana,,Armoracia rusticana,https://www.inaturalist.org/taxa/75566,,0.0,0.0,0.0
Arnica mollis,390.0,Arnica lanceolata,,ssp. lanceolata,https://www.inaturalist.org/taxa/75572,,0.0,0.0,0.0
Artemisia caudata,428.0,Artemisia campestris,,Artemisia campestris,https://www.inaturalist.org/taxa/127960,,1.0,0.0,0.0
Artemisia caudata,428.0,ssp. caudata,,Artemisia campestris,https://www.inaturalist.org/taxa/143078,https://www.inaturalist.org/taxa/143078,1.0,0.0,0.0
Artemisia caudata,428.0,ssp. canadensis,,,,,1.0,0.0,0.0
Asarum canadense,154.0,Asarum canadense,,Asarum canadense,https://www.inaturalist.org/taxa/708601,,1.0,0.0,0.0
Asarum canadense,154.0,Asarum reflexum,,Asarum reflexum,https://www.inaturalist.org/taxa/126750-Asarum-canadense-reflexum,,1.0,0.0,0.0
Asclepias tuberosa,188.0,Asclepias tuberosa,,,https://www.inaturalist.org/taxa/47912,,0.0,0.0,0.0
Ascyrum hypericoides,154.0,Hypericum hypericoides,,,,,1.0,0.0,0.0
Ascyrum hypericoides,154.0,Hypericum hypericoides,,,,,1.0,0.0,0.0
Ascyrum hypericoides,154.0,Hypericum hypericoides,,Hypericum stragulum,https://www.inaturalist.org/taxa/204328,,1.0,0.0,0.0
Ascyrum stans,154.0,Hypericum crux-andreae,,Hypericum crux-andreae,https://www.inaturalist.org/taxa/152134,,0.0,0.0,0.0
Aster acuminatus,456.0,Oclemena acuminata,,Oclemena acuminata,https://www.inaturalist.org/taxa/120181,,0.0,0.0,0.0
Aster concolor,462.0,Symphyotrichum concolor,,Symphyotrichum concolor,https://www.inaturalist.org/taxa/169456,,0.0,0.0,0.0
Aster cordifolius,454.0,Symphyotrichum cordifolium,,Symphyotrichum cordifolium,https://www.inaturalist.org/taxa/153441,,0.0,0.0,0.0
Aster divaricatus,454.0,Eurybia divaricata,,Eurybia divaricata,https://www.inaturalist.org/taxa/127685,,0.0,0.0,0.0
Aster dumosus,458.0,Symphyotrichum dumosum,var. subulifolium,var. dumosum,https://www.inaturalist.org/taxa/81593,,1.0,0.0,0.0
Aster dumosus,458.0,Symphyotrichum dumosum,var. dumosum,var. dumosum,https://www.inaturalist.org/taxa/81593,,1.0,0.0,0.0
Aster ericoides,458.0,Symphyotrichum ericoides,var.ericoides,Symphyotrichum ericoides,https://www.inaturalist.org/taxa/126654,https://www.inaturalist.org/taxa/243144,0.0,0.0,0.0
Aster infirmus,462.0,Doellingeria infirma,,Doellingeria infirma,https://www.inaturalist.org/taxa/161981,,0.0,0.0,0.0
Aster junciformis,460.0,Symphyotrichum boreale,,Symphyotrichum boreale,https://www.inaturalist.org/taxa/169452,,0.0,0.0,0.0
Aster laevis,460.0,Symphyotrichum laeve,var.laeve,Symphyotrichum laeve,https://www.inaturalist.org/taxa/129607,https://www.inaturalist.org/taxa/243152,0.0,0.0,0.0
Aster lateriflorus,456.0,Symphyotrichum lateriflorum,,Symphyotrichum lateriflorum,https://www.inaturalist.org/taxa/122249,,0.0,0.0,0.0
Aster linariifolius,458.0,Ionactis linariifolia,,Ionactis linariifolia,https://www.inaturalist.org/taxa/144193,,0.0,0.0,0.0
Aster macrophyllus,454.0,Eurybia macrophylla,,Eurybia macrophylla,https://www.inaturalist.org/taxa/126655,,0.0,0.0,0.0
Aster nemoralis,460.0,Oclemena nemoralis,,Oclemena nemoralis,https://www.inaturalist.org/taxa/165770,,0.0,0.0,0.0
Aster novae-angliae,460.0,Symphyotrichum novae-angliae,,Symphyotrichum novae-angliae,https://www.inaturalist.org/taxa/117443,,0.0,0.0,0.0
Aster novi-belgii,460.0,Symphyotrichum novi-belgii,var. elodes,var. elodes,,https://www.inaturalist.org/taxa/243161-Symphyotrichum-novi-belgii-elodes,1.0,0.0,0.0
Aster novi-belgii,460.0,Symphyotrichum novi-belgii,var. novi-belgii,var. elodes,,https://www.inaturalist.org/taxa/243162-Symphyotrichum-novi-belgii-novi-belgii,1.0,0.0,0.0
Aster novi-belgii,460.0,Symphyotrichum novi-belgii,var. villicaule,var. patens,,https://www.inaturalist.org/taxa/243163-Symphyotrichum-novi-belgii-villicaule,1.0,0.0,0.0
Aster novi-belgii,460.0,Symphyotrichum patens,var. patens,var. patens,https://www.inaturalist.org/taxa/130810,https://www.inaturalist.org/taxa/243167-Symphyotrichum-patens-patens,1.0,0.0,0.0
Aster novi-belgii,460.0,Symphyotrichum phlogifolium,,Symphyotrichum phlogifolium,https://www.inaturalist.org/taxa/169477,https://www.inaturalist.org/taxa/169477-Symphyotrichum-phlogifolium,1.0,0.0,0.0
Aster pilosus,458.0,Symphyotrichum pilosum,var. pilosus,var. pilosus,,,1.0,0.0,0.0
Aster pilosus,458.0,Symphyotrichum pilosum,var. pilosus,var. pilosus,https://www.inaturalist.org/taxa/142279,,1.0,0.0,0.0
Aster prenanthoides,456.0,Symphyotrichum prenanthoides,,Symphyotrichum prenanthoides,https://www.inaturalist.org/taxa/146705,,0.0,0.0,0.0
Aster ptarmicoides,458.0,Solidago ptarmicoides,,Solidago ptarmicoides,https://www.inaturalist.org/taxa/144194,,0.0,0.0,0.0
Aster puniceus,456.0,Symphyotrichum puniceum,var. puniceum,var. puniceum,https://uwaterloo.ca/astereae-lab/symphyotrichum-firmum,,1.0,0.0,0.0
Aster puniceus,456.0,Symphyotrichum puniceum,var. puniceum,var. puniceum,https://www.inaturalist.org/taxa/82307,,1.0,0.0,0.0
Aster puniceus,456.0,Symphyotrichum puniceum,var. puniceum,Symphyotrichum firmum,https://www.inaturalist.org/taxa/319564,,1.0,0.0,0.0
Aster radula,456.0,Eurybia radula,,Eurybia radula,https://www.inaturalist.org/taxa/153201,,0.0,0.0,0.0
Aster sagittifolius,454.0,Symphyotrichum urophyllum,,Symphyotrichum urophyllum,https://www.inaturalist.org/taxa/169492,,0.0,0.0,0.0
Aster schreberi,454.0,Eurybia schreberi,,Eurybia schreberi,https://www.inaturalist.org/taxa/143889,,0.0,0.0,0.0
Aster shortii,454.0,Symphyotrichum shortii,,Symphyotrichum shortii,https://www.inaturalist.org/taxa/169487,,0.0,0.0,0.0
Aster simplex,456.0,Symphyotrichum lanceolatum,var. latifolium,,https://www.inaturalist.org/taxa/79301,https://www.inaturalist.org/taxa/238759-Symphyotrichum-lanceolatum-lanceolatum,,,
Aster simplex,456.0,Symphyotrichum lanceolatum,var. lanceolatum,var. latifolium,https://www.inaturalist.org/taxa/79301,https://www.inaturalist.org/taxa/153202-Symphyotrichum-lanceolatum-latifolium,0.0,0.0,0.0
Aster spectabilis,462.0,Eurybia spectabilis,,Eurybia spectabilis,https://www.inaturalist.org/taxa/162891,,0.0,0.0,0.0
Aster subulatus,458.0,Symphyotrichum subulatum,var.subulatum,Symphyotrichum subulatum,https://www.inaturalist.org/taxa/64208,https://www.inaturalist.org/taxa/200028,0.0,0.0,0.0
Aster tenuifolius,460.0,Symphyotrichum tenuifolium,var.tenuifolium,Symphyotrichum tenuifolium,https://www.inaturalist.org/taxa/145483,https://www.inaturalist.org/taxa/856656,0.0,0.0,0.0
Aster umbellatus,462.0,Doellingeria umbellata,,var. umbellata,https://www.inaturalist.org/taxa/120179,,1.0,0.0,0.0
Aster undulatus,454.0,Symphyotrichum undulatum,,Symphyotrichum undulatum,https://www.inaturalist.org/taxa/126656,,0.0,0.0,0.0
Aster vimineus,458.0,Symphyotrichum racemosum,,,https://www.inaturalist.org/taxa/169483,,0.0,0.0,0.0
Atriplex arenaria,406.0,Atriplex cristata,,Atriplex cristata,https://www.inaturalist.org/taxa/131549,,0.0,0.0,0.0
Atriplex patula,414.0,Atriplex littoralis,,,,,1.0,0.0,0.0
Atriplex patula,414.0,Atriplex littoralis,,,https://www.inaturalist.org/taxa/159077,,1.0,0.0,0.0
Atriplex patula,414.0,Atriplex littoralis,,,https://www.inaturalist.org/taxa/75701,,1.0,0.0,0.0
Atriplex patula,414.0,Atriplex littoralis,,ssp. prostrata,https://www.inaturalist.org/taxa/60176,,1.0,0.0,0.0
Atriplex patula,414.0,Atriplex littoralis,,,,,1.0,0.0,0.0
Atriplex patula,414.0,Atriplex littoralis,,ssp. patula,https://www.inaturalist.org/taxa/60175,,1.0,0.0,0.0
 Baptisa tinctoria,58.0,Baptisia tinctoria,,,https://www.inaturalist.org/taxa/81897-Baptisia-tinctoria#map-tab,,,,
Baptisia alba,60.0,Baptisa australis,,,https://www.inaturalist.org/taxa/126835,,,,
Baptisia alba,60.0,Baptisia alba,,,https://www.inaturalist.org/taxa/126835,,0.0,0.0,0.0
Belamcanda chinensis,348.0,Iris domestica,,Iris domestica,https://www.inaturalist.org/taxa/204330,,0.0,0.0,0.0
Bidens coronata,394.0,Bidens trichosperma,,Bidens trichosperma,https://www.inaturalist.org/taxa/204254,,0.0,0.0,0.0
Brassica kaber,142.0,Rhamphospermum arvense,,Rhamphospermum arvense,https://www.inaturalist.org/taxa/1451052,,0.0,0.0,0.0
Brassica nigra,144.0,Rhamphospermum nigrum,,Rhamphospermum nigrum,https://www.inaturalist.org/taxa/1451050,,0.0,0.0,0.0
Cacalia atriplicifolia,420.0,Arnoglossum atriplicifolium,,Arnoglossum atriplicifolium,https://www.inaturalist.org/taxa/146715,,0.0,0.0,0.0
Cacalia muhlenbergii,420.0,Arnoglossum reniforme,,Arnoglossum reniforme,https://www.inaturalist.org/taxa/359187,,0.0,0.0,0.0
Cacalia suaveolens,420.0,Hasteola suaveolens,,Hasteola suaveolens,https://www.inaturalist.org/taxa/157470,,0.0,0.0,0.0
Cacalia tuberosa,414.0,Arnoglossum plantagineum,,Arnoglossum plantagineum,https://www.inaturalist.org/taxa/128934,,0.0,0.0,0.0
Calopogon pulchellus,20.0,Calopogon tuberosus,var.tuberosus,Calopogon tuberosus,https://www.inaturalist.org/taxa/82578,https://www.inaturalist.org/taxa/239719,0.0,0.0,0.0
Campanula americana,216.0,Campanulastrum americanum,,Campanulastrum americanum,https://www.inaturalist.org/taxa/159769,,0.0,0.0,0.0
Campanula aparinoides,212.0,Campanula aparinoides,,Palustricodon aparinoides,https://www.inaturalist.org/taxa/1449995,,0.0,0.0,0.0
Campanula rotundifolia,196.0,Campanula rotundifolia,,Campanula rotundifolia,,,1.0,0.0,0.0
Campanula rotundifolia,196.0,Campanula rotundifolia,,Campanula rotundifolia,https://www.inaturalist.org/taxa/984576,https://www.inaturalist.org/taxa/984576,1.0,0.0,0.0
Cardamine pratensis,148.0,Cardamine polemonioides,,,,,0.0,0.0,0.0
Cardamine pratensis,148.0,Cardamine pratensis,ssp. paludosa,,https://www.inaturalist.org/taxa/515428-Cardamine-pratensis-paludosa,,,,
Cardamine pratensis,148.0,Cardamine pratensis,ssp. pratensis,ssp. paludosa,https://www.inaturalist.org/taxa/54531,,0.0,0.0,0.0
Cassia fasciculata,236.0,Chamaecrista fasciculata,,Chamaecrista fasciculata,https://www.inaturalist.org/taxa/127907,,0.0,0.0,0.0
Cassia hebecarpa,236.0,Senna hebecarpa,,Senna hebecarpa,https://www.inaturalist.org/taxa/136373,,0.0,0.0,0.0
Cassia marilandica,236.0,Senna marilandica,,Senna marilandica,https://www.inaturalist.org/taxa/79061,,0.0,0.0,0.0
Cassia nictitans,236.0,Chamaecrista nictitans,,Chamaecrista nictitans,https://www.inaturalist.org/taxa/131568,,1.0,0.0,0.0
Cassia nictitans,236.0,ssp. nictitans,,Chamaecrista nictitans,https://www.inaturalist.org/taxa/235040,https://www.inaturalist.org/taxa/235040,1.0,0.0,0.0
Cassiope hypnoides,198.0,Harrimanella hypnoides,,Harrimanella hypnoides,https://www.inaturalist.org/taxa/163524,,0.0,0.0,0.0
Caulophyllum thalictroides,354.0,Caulophyllum giganteum,,Caulophyllum giganteum,https://www.inaturalist.org/taxa/127920,,1.0,0.0,0.0
Caulophyllum thalictroides,354.0,Caulophyllum thalictroides,,Caulophyllum thalictroides,https://www.inaturalist.org/taxa/84330,,1.0,0.0,0.0
Centaurea maculosa,234.0,Centaurea stoebe,,Centaurea stoebe,https://www.inaturalist.org/taxa/76214,,1.0,0.0,0.0
Centaurea maculosa,234.0,ssp. australis,,Centaurea stoebe,https://www.inaturalist.org/taxa/521869,https://www.inaturalist.org/taxa/521869,1.0,0.0,0.0
Centaurium umbellatum,254.0,Centaurium erythraea,,Centaurium erythraea,https://www.inaturalist.org/taxa/56236,,1.0,0.0,0.0
Centaurium umbellatum,254.0,ssp. erythraea,,Centaurium erythraea,https://www.inaturalist.org/taxa/412178,https://www.inaturalist.org/taxa/412178,1.0,0.0,0.0
Cerastium arvense,274.0,Cerastium arvense,ssp. arvense,ssp. arvense,,,1.0,0.0,0.0
Cerastium arvense,274.0,Cerastium arvense,ssp. arvense,ssp. arvense,https://www.inaturalist.org/taxa/50851,,1.0,0.0,0.0
Cerastium arvense,274.0,Cerastium arvense,ssp. arvense,var. velutinum,,,1.0,0.0,0.0
Cerastium vulgatum,274.0,Cerastium fontanum,,Cerastium fontanum,https://www.inaturalist.org/taxa/53307,,0.0,0.0,0.0
Chaenorrhinum minus,40.0,Chaenorhinum minus,,Chaenorhinum minus,https://www.inaturalist.org/taxa/62396,,1.0,0.0,0.0
Chaenorrhinum minus,40.0,Chaenorrhinum minus,ssp. minus,Chaenorhinum minus,https://www.inaturalist.org/taxa/359262,https://www.inaturalist.org/taxa/359262,1.0,0.0,0.0
Chenopodium album,422.0,Chenopodium album,var.album,,https://www.inaturalist.org/taxa/58127,https://www.inaturalist.org/taxa/181727,0.0,0.0,0.0
Chenopodium ambrosioides,422.0,Dysphania ambrosioides,,Dysphania ambroisioides,https://www.inaturalist.org/taxa/76746,,1.0,0.0,0.0
Chenopodium ambrosioides,422.0,Dysphania anthelmintica,,,,,1.0,0.0,0.0
Chenopodium botrys,422.0,Dysphania botrys,,Dysphania botrys,https://www.inaturalist.org/taxa/76748,,0.0,0.0,0.0
Chenopodium capitatum,422.0,Blitum capitatum,,Blitum capitatum,https://www.inaturalist.org/taxa/895061,,1.0,0.0,0.0
Chenopodium capitatum,422.0,ssp. capitatum,,Blitum capitatum,https://www.inaturalist.org/taxa/931614,https://www.inaturalist.org/taxa/931614,1.0,0.0,0.0
Chenopodium glaucum,422.0,Oxybasis glauca,,Oxybasis glauca,https://www.inaturalist.org/taxa/931646,,0.0,0.0,0.0
Chenopodium hybridum,422.0,Chenopodiastrum simplex,,Chenopodiastrum simplex,https://www.inaturalist.org/taxa/878051,,0.0,0.0,0.0
Chenopodium rubrum,422.0,Oxybasis rubra,var.rubra,Oxybasis rubra,https://www.inaturalist.org/taxa/931679,https://www.inaturalist.org/taxa/931836,0.0,0.0,0.0
Chrysanthemum leucanthemum,380.0,Leucanthemum vulgare,,Leucanthemum vulgare,https://www.inaturalist.org/taxa/56057,,0.0,0.0,0.0
Chrysanthemum parthenium,380.0,Tanacetum parthenium,,Tanacetum parthenium,https://www.inaturalist.org/taxa/54520,,0.0,0.0,0.0
Chrysopsis falcata,366.0,Pityopsis falcata,,Pityopsis falcata,https://www.inaturalist.org/taxa/166937,,0.0,0.0,0.0
Cimicifuga americana,424.0,Actaea podocarpa,,Actaea podocarpa,https://www.inaturalist.org/taxa/116343,,0.0,0.0,0.0
Cimicifuga racemosa,424.0,Actaea racemosa,,Actaea racemosa,https://www.inaturalist.org/taxa/119813,,0.0,0.0,0.0
Cleistes divaricata,38.0,Cleistesiopsis divaricata,,Cleistesiopsis divaricata,https://www.inaturalist.org/taxa/341748,,0.0,0.0,0.0
Clematis verticillaris,170.0,Clematis occidentalis,var.occidentalis,Clematis occidentalis,https://www.inaturalist.org/taxa/117512,https://www.inaturalist.org/taxa/240067,0.0,0.0,0.0
Convolvulus sepium,324.0,Calystegia sepium,,,https://www.inaturalist.org/taxa/57481,,1.0,0.0,0.0
Convolvulus sepium,324.0,Calystegia silvatica,,ssp. fraterniflora,https://www.inaturalist.org/taxa/75968,,1.0,0.0,0.0
Convolvulus spithamaeus,198.0,Calystegia spithamaea,,Calystegia spithamaea,https://www.inaturalist.org/taxa/159727,,0.0,0.0,0.0
Coptis groenlandica,184.0,Coptis trifolia,,Coptis trifolia,https://www.inaturalist.org/taxa/126251,,0.0,0.0,0.0
Cornus stolonifera,166.0,Cornus sericea,,Cornus sericea,https://www.inaturalist.org/taxa/53387,,0.0,0.0,0.0
Coronilla varia,66.0,Securigera varia,,Securigera varia,https://www.inaturalist.org/taxa/127186,,0.0,0.0,0.0
Corydalis sempervirens,70.0,Capnoides sempervirens,,Capnoides sempervirens,https://www.inaturalist.org/taxa/204148,,0.0,0.0,0.0
Cuphea petiolata,76.0,Cuphea viscosissima,,Cuphea viscosissima,https://www.inaturalist.org/taxa/161259,,0.0,0.0,0.0
Cynanchum nigrum,326.0,Vincetoxicum nigrum,,Vincetoxicum nigrum,https://www.inaturalist.org/taxa/208963,,0.0,0.0,0.0
Cynoglossum virginianum,194.0,Andersonglossum virginianum,,Andersonglossum virginianum,https://www.inaturalist.org/taxa/769248,,0.0,0.0,0.0
Cypripedium calceolus var. parviflorum,38.0,Cypripedium parviflorum,var. makasin,Cypripedium parviflorum,https://www.inaturalist.org/taxa/50713-Cypripedium-parviflorum,,0.0,1.0,0.0
Cypripedium calceolus var. pubescens,38.0,Cypripedium parviflorum,var. parviflorum,,https://www.inaturalist.org/taxa/50713-Cypripedium-parviflorum,,0.0,1.0,0.0
Cypripedium calceolus var. pubescens,38.0,Cypripedium parviflorum,var. pubescens,,https://www.inaturalist.org/taxa/50713-Cypripedium-parviflorum,,0.0,1.0,0.0
Dalibarda repens,182.0,Rubus repens,,Rubus repens,https://www.inaturalist.org/taxa/130751,,0.0,0.0,0.0
Dentaria diphylla,162.0,Cardamine diphylla,,Cardamine diphylla,https://www.inaturalist.org/taxa/118512,,0.0,0.0,0.0
Dentaria heterophylla,162.0,Cardamine angustata,,Cardamine angustata,https://www.inaturalist.org/taxa/127680,,0.0,0.0,0.0
Dentaria laciniata,162.0,Cardamine concatenata,,Cardamine concatenata,https://www.inaturalist.org/taxa/60438,,0.0,0.0,0.0
Dentaria maxima,150.0,Cardamine maxima,,Cardamine maxima,https://www.inaturalist.org/taxa/116347,,0.0,0.0,0.0
Dentaria multifida,162.0,Cardamine dissecta,,Cardamine dissecta,https://www.inaturalist.org/taxa/129623,,0.0,0.0,0.0
Desmodium glutinosum,102.0,Hylodesmum glutinosum,,Hylodesmum glutinosum,https://www.inaturalist.org/taxa/204156,,0.0,0.0,0.0
Desmodium nudiflorum,36.0,Hylodesmum nudiflorum,,Hylodesmum nudiflorum,https://www.inaturalist.org/taxa/204173,,0.0,0.0,0.0
Diodia teres,158.0,Hexasepalum teres,var.teres,Hexasepalum teres,https://www.inaturalist.org/taxa/787459,https://www.inaturalist.org/taxa/947153,0.0,0.0,0.0
Diodia teres,158.0,Dipsacus sativus,,,,,0.0,0.0,0.0
Dipsacus sylvestris,160.0,Dipsacus fullonum,,Dipsacus fullonum,https://www.inaturalist.org/taxa/56002,,0.0,0.0,0.0
Disporum lanuginosum,340.0,Prosartes lanuginosa,,Prosartes lanuginosa,https://www.inaturalist.org/taxa/68913,,0.0,0.0,0.0
Dodecatheon amethystinum,174.0,Primula fassettii,,Primula fassettii,https://www.inaturalist.org/taxa/549995,,0.0,0.0,0.0
Dodecatheon meadia,174.0,Primula meadia,,Primula meadia,https://www.inaturalist.org/taxa/549981,,0.0,0.0,0.0
Duchesnea indica,240.0,Potentilla indica,,Potentilla indica,https://www.inaturalist.org/taxa/243824,,0.0,0.0,0.0
Epilobium angustifolium,130.0,Chamaenerion angustifolium,,Chamaenerion angustifolium,https://www.inaturalist.org/taxa/564969,,0.0,0.0,0.0
Epilobium strictum,156.0,Epilobium strictum,,Epilobium densum,https://www.inaturalist.org/taxa/162368,,0.0,0.0,0.0
Epilobium glandulosum,160.0,Epilobium ciliatum,ssp. ciliatum,,,,0.0,0.0,0.0
Epilobium glandulosum,160.0,Epilobium ciliatum,ssp. glandulosum,,https://www.inaturalist.org/taxa/1319405,https://www.inaturalist.org/taxa/1319405,0.0,0.0,0.0
Erechtites hieracifolia,418.0,Erechtites hieraciifolius,,Erechtites hieraciifolius,https://www.inaturalist.org/taxa/130888,,0.0,0.0,0.0
Erigeron strigosus,382.0,Erigeron strigosus,,var. strigosus,https://www.inaturalist.org/taxa/76942,,0.0,0.0,0.0
Eriocaulon septangulare,398.0,Eriocaulon aquaticum,,Eriocaulon aquaticum,https://www.inaturalist.org/taxa/69685,,0.0,0.0,0.0
Eupatorium album,434.0,Eupatorium album,,Eupatorium album,https://www.inaturalist.org/taxa/162779,,1.0,0.0,0.0
Eupatorium album,434.0,Eupatorium subvenosum,,Eupatorium subvenosum,https://www.inaturalist.org/taxa/1361694,,1.0,0.0,0.0
Eupatorium aromaticum,436.0,Ageratina aromatica,,Ageratina aromatica,https://www.inaturalist.org/taxa/158107,,0.0,0.0,0.0
Eupatorium coelestinum,436.0,Conoclinium coelestinum,,Conoclinium coelestinum,https://www.inaturalist.org/taxa/119095,,0.0,0.0,0.0
Eupatorium dubium,436.0,Eutrochium dubium,,Eutrochium dubium,https://www.inaturalist.org/taxa/204153,,0.0,0.0,0.0
Eupatorium fistulosum,436.0,Eutrochium fistulosum,,Eutrochium fistulosum,https://www.inaturalist.org/taxa/132717,,0.0,0.0,0.0
Eupatorium hyssopifolium,432.0,Eupatorium hyssopifolium,,,https://www.inaturalist.org/taxa/136397,,0.0,0.0,0.0
Eupatorium hyssopifolium,432.0,Eupatorium torreyanum,,,,,0.0,0.0,0.0
Eupatorium maculatum,436.0,Eutrochium maculatum,var. foliosum,var. foliosum,,,1.0,0.0,0.0
Eupatorium maculatum,436.0,Eutrochium maculatum,var. foliosum,var. foliosum,https://www.inaturalist.org/taxa/117440,,1.0,0.0,0.0
Eupatorium pubescens,434.0,Eupatorium rotundifolium,var.ovatum,Eupatorium rotundifolium,https://www.inaturalist.org/taxa/162801,https://www.inaturalist.org/taxa/240755,0.0,0.0,0.0
Eupatorium purpureum,436.0,Eutrochium purpureum,var.purpureum,Eutrochium purpureum,https://www.inaturalist.org/taxa/85378,https://www.inaturalist.org/taxa/501399,0.0,0.0,0.0
Eupatorium rugosum,436.0,Ageratina altissima,var.altissima,Ageratina altissima,https://www.inaturalist.org/taxa/119048,https://www.inaturalist.org/taxa/200024,0.0,0.0,0.0
Euphorbia esula,408.0,Euphorbia virgata,,Euphorbia virgata,https://www.inaturalist.org/taxa/77120,,0.0,0.0,0.0
Euphorbia maculata,432.0,Euphorbia nutans,,Euphorbia nutans,https://www.inaturalist.org/taxa/200052,,1.0,0.0,0.0
Euphorbia maculata,432.0,Euphorbia maculata,,,https://www.inaturalist.org/taxa/58893,,1.0,0.0,0.0
Euphrasia americana,86.0,Euphrasia nemorosa,,Euphrasia nemorosa,https://www.inaturalist.org/taxa/118893,,0.0,0.0,0.0
Fagopyrum sagittatum,188.0,Fagopyrum esculentum,,Fagopyrum esculentum,https://www.inaturalist.org/taxa/145601,,0.0,0.0,0.0
Galactia regularis,110.0,Galactia regularis,,,,,0.0,0.0,0.0
Galax aphylla,178.0,Galax urceolata,,Galax urceolata,https://www.inaturalist.org/taxa/53925,,0.0,0.0,0.0
Galeopsis tetrahit,88.0,Galeopsis bifida,,Galeopsis bifida,https://www.inaturalist.org/taxa/55967,,1.0,0.0,0.0
Galeopsis tetrahit,88.0,Galeopsis tetrahit,,Galeopsis tetrahit,https://www.inaturalist.org/taxa/55979,,1.0,0.0,0.0
Galinsoga ciliata,284.0,Galinsoga quadriradiata,,Galinsoga quadriradiata,https://www.inaturalist.org/taxa/56170,,0.0,0.0,0.0
Galium aparine,152.0,Galium aparine,,,https://www.inaturalist.org/taxa/53059,,1.0,0.0,0.0
Galium aparine,152.0,Galium aparine complex,,,https://www.inaturalist.org/taxa/1403902,https://www.inaturalist.org/taxa/1403902,1.0,0.0,0.0
Galium aparine,152.0,Galium spurium,,,https://www.inaturalist.org/taxa/208784,,1.0,0.0,0.0
Gaura biennis,138.0,Oenothera gaura,,Oenothera gaura,https://www.inaturalist.org/taxa/204370,,0.0,0.0,0.0
Gaylussacia dumosa,298.0,Gaylussacia bigeloviana,,Gaylussacia bigeloviana,,,1.0,0.0,0.0
Gaylussacia dumosa,298.0,Gaylussacia bigeloviana,,Gaylussacia bigeloviana,https://www.inaturalist.org/taxa/204323,,1.0,0.0,0.0
Gaylussacia dumosa,298.0,Gaylussacia bigeloviana,,Gaylussacia dumosa,https://www.inaturalist.org/taxa/84171,,1.0,0.0,0.0
Gentiana crinita,156.0,Gentianopsis crinita,,Gentianopsis crinita,https://www.inaturalist.org/taxa/154320,,0.0,0.0,0.0
Gentiana procera,156.0,Gentianopsis virgata,,Gentianopsis virgata,https://www.inaturalist.org/taxa/324415,,0.0,0.0,0.0
Gentiana puberula,252.0,Gentiana puberulenta,,Gentiana puberulenta,https://www.inaturalist.org/taxa/163234,,0.0,0.0,0.0
Gentiana quinquefolia,254.0,Gentianella quinquefolia,,ssp. occidentalis,https://www.inaturalist.org/taxa/119901,,0.0,0.0,0.0
Gerardia flava,278.0,Aureolaria flava,,Aureolaria flava,https://www.inaturalist.org/taxa/62404,,0.0,0.0,0.0
Gerardia laevigata,278.0,Aureolaria levigata,,Aureolaria levigata,https://www.inaturalist.org/taxa/504522,,0.0,0.0,0.0
Gerardia maritima,254.0,Agalinis maritima,var.maritima,Agalinis maritima,https://www.inaturalist.org/taxa/133317,https://www.inaturalist.org/taxa/239092,0.0,0.0,0.0
Gerardia paupercula,254.0,Agalinis purpurea,var.parviflora,Agalinis purpurea,https://www.inaturalist.org/taxa/158068,https://www.inaturalist.org/taxa/1038684,0.0,0.0,0.0
Gerardia tenuifolia,254.0,Agalinis tenuifolia,,Agalinis tenuifolia,https://www.inaturalist.org/taxa/120007,,0.0,0.0,0.0
Gerardia pedicularia,286.0,Aureolaria pedicularia,,Aureolaria pedicularia,https://www.inaturalist.org/taxa/62394,,0.0,0.0,0.0
Gerardia virginica,278.0,Aureolaria virginica,,Aureolaria virginica,https://www.inaturalist.org/taxa/159106,,0.0,0.0,0.0
Glaux maritima,256.0,Lysimachia maritima,,Lysimachia maritima,https://www.inaturalist.org/taxa/204175,,0.0,0.0,0.0
Gnaphalium macounii,402.0,Pseudognaphalium macounii,,Pseudognaphalium macounii,https://www.inaturalist.org/taxa/78762,,0.0,0.0,0.0
Gratiola aurea,76.0,Gratiola aurea,,Gratiola lutea,,,0.0,0.0,0.0
Gnaphalium obtusifolium,402.0,Pseudognaphalium obtusifolium,,ssp. obtusifolium,https://www.inaturalist.org/taxa/143859,,1.0,0.0,0.0
Gnaphalium obtusifolium,402.0,Pseudognaphalium micradenium,,,https://www.inaturalist.org/taxa/129650,,1.0,0.0,0.0
Habenaria blephariglottis,42.0,Platanthera blephariglottis,,var. blephariglottis,https://www.inaturalist.org/taxa/52499,,0.0,0.0,0.0
Habenaria ciliaris,48.0,Platanthera ciliaris,,Platanthera ciliaris,https://www.inaturalist.org/taxa/167016,,0.0,0.0,0.0
Habenaria clavellata,44.0,Platanthera clavellata,,Platanthera clavellata,https://www.inaturalist.org/taxa/52500,,0.0,0.0,0.0
Habenaria cristata,48.0,Platanthera cristata,,Platanthera cristata,https://www.inaturalist.org/taxa/167017,,0.0,0.0,0.0
Habenaria dilatata,44.0,Platanthera dilatata,var.dilatata,Platanthera dilatata,https://www.inaturalist.org/taxa/78623,https://www.inaturalist.org/taxa/131224,0.0,0.0,0.0
Habenaria fimbriata,42.0,Platanthera grandiflora,,Platanthera grandiflora,https://www.inaturalist.org/taxa/132322,,0.0,0.0,0.0
Habenaria flava,44.0,Platanthera flava,,var. herbiola,https://www.inaturalist.org/taxa/68598,,0.0,0.0,0.0
Habenaria hookeri,22.0,Platanthera hookeri,,Platanthera hookeri,https://www.inaturalist.org/taxa/167019,,0.0,0.0,0.0
Habenaria hookeri,22.0,Platanthera hyperborea,,,,,0.0,0.0,0.0
Habenaria hyperborea,44.0,Platanthera aquilonis,,Platanthera aquilonis,,,1.0,0.0,0.0
Habenaria hyperborea,44.0,Platanthera aquilonis,,Platanthera aquilonis,https://www.inaturalist.org/taxa/131230,,1.0,0.0,0.0
Habenaria hyperborea,44.0,Platanthera aquilonis,,Platanthera huronensis,https://www.inaturalist.org/taxa/131222,,1.0,0.0,0.0
Habenaria integra,48.0,Platanthera integra,,Platanthera integra,https://www.inaturalist.org/taxa/167021,,0.0,0.0,0.0
Habenaria lacera,42.0,Platanthera lacera,,Platanthera lacera,https://www.inaturalist.org/taxa/62041,,0.0,0.0,0.0
Habenaria lacera,42.0,Platanthera ×andrewsii,,,,,0.0,0.0,0.0
Habenaria leucophaea,42.0,Platanthera leucophaea,,Platanthera leucophaea,https://www.inaturalist.org/taxa/167023,,0.0,0.0,0.0
Habenaria macrophylla,22.0,Platanthera orbiculata,var.macrophylla,Platanthera orbiculata,https://www.inaturalist.org/taxa/131218,https://www.inaturalist.org/taxa/204186,0.0,0.0,0.0
Habenaria nivea,44.0,Platanthera nivea,,Platanthera nivea,https://www.inaturalist.org/taxa/167026,,0.0,0.0,0.0
Habenaria obtusata,20.0,Platanthera obtusata,,Platanthera obtusata,https://www.inaturalist.org/taxa/131221,,0.0,0.0,0.0
Habenaria peramoena,44.0,Platanthera peramoena,,Platanthera peramoena,https://www.inaturalist.org/taxa/118756,,0.0,0.0,0.0
Habenaria psycodes,42.0,Platanthera psycodes,,Platanthera psycodes,https://www.inaturalist.org/taxa/48030,,0.0,0.0,0.0
Habenaria viridis var. bracteata,44.0,Dactylorhiza viridis,,var. virescens,https://www.inaturalist.org/taxa/128599,,0.0,0.0,0.0
Helenium nudiflorum,374.0,Helenium flexuosum,,Helenium flexuosum,https://www.inaturalist.org/taxa/84114,,0.0,0.0,0.0
Helenium tenuifolium,366.0,Helenium amarum,var.amarum,Helenium amarum,https://www.inaturalist.org/taxa/77348,https://www.inaturalist.org/taxa/80922,0.0,0.0,0.0
Helianthemum canadense,186.0,Crocanthemum canadense,,Crocanthemum canadense,https://www.inaturalist.org/taxa/204170,,0.0,0.0,0.0
Helianthus laetiflorus,388.0,Helianthus ×laetiflorus,,Helianthus ×laetiflorus,https://www.inaturalist.org/taxa/170774,https://www.inaturalist.org/taxa/170774,1.0,0.0,1.0
Helianthus laetiflorus,388.0,Helianthus pauciflorus,,ssp. pauciflorus,https://www.inaturalist.org/taxa/130383,,1.0,0.0,0.0
Hibiscus militaris,214.0,Hibiscus laevis,,Hibiscus laevis,https://www.inaturalist.org/taxa/163767,,0.0,0.0,0.0
Hibiscus palustris,214.0,Hibiscus moscheutos,ssp. moscheutos,,https://www.inaturalist.org/taxa/82317,,0.0,0.0,0.0
Hieracium aurantiacum,360.0,Pilosella aurantiaca,,Pilosella aurantiaca,https://www.inaturalist.org/taxa/711103,,1.0,0.0,0.0
Hieracium aurantiacum,360.0,ssp. aurantiaca,,Pilosella aurantiaca,https://www.inaturalist.org/taxa/733666,https://www.inaturalist.org/taxa/733666,1.0,0.0,0.0
Hieracium canadense,372.0,Hieracium umbellatum,,Hieracium umbellatum,https://www.inaturalist.org/taxa/55909,,1.0,0.0,0.0
Hieracium canadense,372.0,ssp. umbellatum,,Hieracium umbellatum,https://www.inaturalist.org/taxa/1183928,https://www.inaturalist.org/taxa/1183928,1.0,0.0,0.0
Hieracium flagellare,360.0,Pilosella flagellaris,,Pilosella flagellaris,https://www.inaturalist.org/taxa/569962,,0.0,0.0,0.0
Hieracium florentinum,360.0,Pilosella piloselloides,,Pilosella piloselloides,https://www.inaturalist.org/taxa/320888,,1.0,0.0,0.0
Hieracium florentinum,360.0,ssp. piloselloides,,Pilosella piloselloides,https://www.inaturalist.org/taxa/734567,https://www.inaturalist.org/taxa/734567,1.0,0.0,0.0
Hieracium floribundum,360.0,Pilosella floribunda,,Pilosella floribunda,https://www.inaturalist.org/taxa/203678,,0.0,0.0,0.0
Hieracium pilosella,360.0,Pilosella officinarum,,Pilosella officinarum,https://www.inaturalist.org/taxa/402509,,0.0,0.0,0.0
Hieracium pratense,360.0,Pilosella caespitosa,,Pilosella caespitosa,https://www.inaturalist.org/taxa/711086,,0.0,0.0,0.0
Hieracium vulgatum,372.0,Hieracium lachenalii,,Hieracium lachenalii,https://www.inaturalist.org/taxa/163785,,0.0,0.0,0.0
Houstonia longifolia,158.0,Houstonia longifolia,var.longifolia,Houstonia longifolia,https://www.inaturalist.org/taxa/69753,https://www.inaturalist.org/taxa/1292554,0.0,0.0,0.0
Humulus lupulus,326.0,Humulus lupulus,,,https://www.inaturalist.org/taxa/53779,,1.0,0.0,0.0
Humulus lupulus,326.0,Humulus americanus,,,https://www.inaturalist.org/taxa/181893,,1.0,0.0,0.0
Hybanthus concolor,40.0,Hybanthus concolor,,Cubelium concolor,https://www.inaturalist.org/taxa/126751-Hybanthus-concolor,,0.0,0.0,0.0
Hypericum pyramidatum,268.0,Hypericum ascyron,,Hypericum ascyron,https://www.inaturalist.org/taxa/163955,,1.0,0.0,0.0
Hypericum pyramidatum,268.0,ssp. pyramidatum,,Hypericum ascyron,https://www.inaturalist.org/taxa/319662,https://www.inaturalist.org/taxa/319662,1.0,0.0,0.0
Hypericum spathulatum,294.0,Hypericum prolificum,,Hypericum prolificum,https://www.inaturalist.org/taxa/635325,,0.0,0.0,0.0
Hypericum virginicum,270.0,Hypericum fraseri,,Hypericum fraseri,https://www.inaturalist.org/taxa/355624,,1.0,0.0,0.0
Hypericum virginicum,270.0,Hypericum virginicum,,Hypericum virginicum,https://www.inaturalist.org/taxa/859236,,1.0,0.0,0.0
Hypochoeris radicata,362.0,Hypochaeris radicata,,Hypochaeris radicata,https://www.inaturalist.org/taxa/53104,,0.0,0.0,0.0
Isanthus brachiatus,256.0,Trichostema brachiatum,,Trichostema brachiatum,https://www.inaturalist.org/taxa/169935,,0.0,0.0,0.0
Isopyrum biternatum,234.0,Enemion biternatum,,Enemion biternatum,https://www.inaturalist.org/taxa/81795,,0.0,0.0,0.0
Kosteletzkya virginica,214.0,Kosteletzkya pentacarpos,,Kosteletzkya pentacarpos,https://www.inaturalist.org/taxa/131656,,0.0,0.0,0.0
Kuhnia eupatorioides,418.0,Brickellia eupatorioides,,var. eupatorioides,https://www.inaturalist.org/taxa/53501,,0.0,0.0,0.0
Lachnanthes tinctoria,122.0,Lachnanthes caroliniana,,Lachnanthes caroliniana,https://www.inaturalist.org/taxa/204338,,0.0,0.0,0.0
Lactuca scariola,370.0,Lactuca serriola,,Lactuca serriola,https://www.inaturalist.org/taxa/53107,,0.0,0.0,0.0
Lappula echinata,194.0,Lappula squarrosa,,Lappula squarrosa,https://www.inaturalist.org/taxa/77626,,0.0,0.0,0.0
Lathyrus japonicus,114.0,Lathyrus japonicus,,var. maritimus,https://www.inaturalist.org/taxa/77638,,0.0,0.0,0.0
Lechea villosa,408.0,Lechea mucronata,,Lechea mucronata,https://www.inaturalist.org/taxa/164463-Lechea-mucronata,,0.0,0.0,0.0
Ledum groenlandicum,292.0,Rhododendron groenlandicum,,Rhododendron groenlandicum,https://www.inaturalist.org/taxa/180413-Rhododendron-groenlandicum,,0.0,0.0,0.0
Leiophyllum buxifolium,290.0,Kalmia buxifolia,,Kalmia buxifolia,https://www.inaturalist.org/taxa/355648-Kalmia-buxifolia,,0.0,0.0,0.0
Leontodon autumnalis,362.0,Scorzoneroides autumnalis,,Scorzoneroides autumnalis,https://www.inaturalist.org/taxa/204167-Scorzoneroides-autumnalis,,1.0,0.0,0.0
Leontodon autumnalis,362.0,ssp. autumnalis,,Scorzoneroides autumnalis,https://www.inaturalist.org/taxa/502621,https://www.inaturalist.org/taxa/502621,1.0,0.0,0.0
Lespedeza intermedia,64.0,Lespedeza violacea,,Lespedeza violacea,https://www.inaturalist.org/taxa/154326,,0.0,0.0,0.0
Lespedeza violacea,64.0,Lespedeza frutescens,,Lespedeza frutescens,https://www.inaturalist.org/taxa/164569,,0.0,0.0,0.0
Leucothoe racemosa,304.0,Eubotrys racemosa,,Eubotrys racemosa,https://www.inaturalist.org/taxa/204152,,0.0,0.0,0.0
Liatris borealis,412.0,Liatris novae-angliae,,Liatris novae-angliae,https://www.inaturalist.org/taxa/204158,,0.0,0.0,0.0
Liatris borealis,412.0,Liatris scariosa,var. scariosa,,,,,,
Liatris borealis,412.0,Liatris scariosa,var.nieuwlandii,,,,0.0,0.0,0.0
Liatris graminifolia,412.0,Liatris pilosa,,Liatris pilosa,https://www.inaturalist.org/taxa/164698,,0.0,0.0,0.0
Lilium tigrinum,340.0,Lilium lancifolium,,Lilium lancifolium,https://www.inaturalist.org/taxa/49524,,0.0,0.0,0.0
Limonium carolinianum,174.0,Limonium carolinianum,,Limonium carolinianum,https://www.inaturalist.org/taxa/133293,,0.0,0.0,0.0
Limosella subulata,176.0,Limosella australis,,Limosella australis,https://www.inaturalist.org/taxa/60248,,0.0,0.0,0.0
Linaria canadensis,50.0,Nuttallanthus canadensis,,Nuttallanthus canadensis,https://www.inaturalist.org/taxa/59112,,0.0,0.0,0.0
Liparis lilifolia,22.0,Liparis liliifolia,,Liparis liliifolia,https://www.inaturalist.org/taxa/204347,,0.0,0.0,0.0
Listera australis,74.0,Neottia bifolia,,Neottia bifolia,https://www.inaturalist.org/taxa/209199,,0.0,0.0,0.0
Listera convallarioides,74.0,Neottia convallarioides,,Neottia convallarioides,https://www.inaturalist.org/taxa/131229,,0.0,0.0,0.0
Listera cordata,74.0,Neottia cordata,,Neottia cordata,https://www.inaturalist.org/taxa/204364,,0.0,0.0,0.0
Lithospermum arvense,200.0,Buglossoides arvensis,,Buglossoides arvensis,https://www.inaturalist.org/taxa/135229,https://www.inaturalist.org/taxa/135229,1.0,0.0,0.0
Lithospermum arvense,200.0,ssp. arvensis,,Buglossoides arvensis,https://www.inaturalist.org/taxa/521337,https://www.inaturalist.org/taxa/521337,1.0,0.0,0.0
Loiseleuria procumbens,290.0,Kalmia procumbens,,Kalmia procumbens,https://www.inaturalist.org/taxa/204337,,0.0,0.0,0.0
Lonicera bella,294.0,Lonicera ×bella,,Lonicera ×bella,https://www.inaturalist.org/taxa/170851,,0.0,0.0,0.0
Lophiola americana,344.0,Lophiola aurea,,Lophiola aurea,https://www.inaturalist.org/taxa/164768,,0.0,0.0,0.0
Lychnis alba,260.0,Silene latifolia,,Silene latifolia,https://www.inaturalist.org/taxa/79109,,0.0,0.0,0.0
Lychnis chalcedonica,258.0,Silene chalcedonica,,Silene chalcedonica,https://www.inaturalist.org/taxa/406034,,0.0,0.0,0.0
Lychnis dioica,260.0,Silene dioica,,Silene dioica,https://www.inaturalist.org/taxa/55759,,0.0,0.0,0.0
Lychnis flos-cuculi,260.0,Silene flos-cuculi,,Silene flos-cuculi,https://www.inaturalist.org/taxa/740984,,0.0,0.0,0.0
Lycopsis arvensis,194.0,Anchusa arvensis,,Anchusa arvensis,https://www.inaturalist.org/taxa/62200,,1.0,0.0,0.0
Lycopsis arvensis,194.0,ssp. arvensis,,Anchusa arvensis,https://www.inaturalist.org/taxa/62199,https://www.inaturalist.org/taxa/62199,1.0,0.0,0.0
Marshallia grandiflora,202.0,Marshallia pulchra,,Marshallia pulchra,https://www.inaturalist.org/taxa/1106982,,0.0,0.0,0.0
Matricaria maritima,380.0,Tripleurospermum inodorum,,Tripleurospermum inodorum,https://www.inaturalist.org/taxa/79441,,1.0,0.0,0.0
Matricaria maritima,380.0,Tripleurospermum maritimum,,Tripleurospermum maritimum,https://www.inaturalist.org/taxa/118873,,1.0,0.0,0.0
Matricaria matricarioides,426.0,Matricaria discoidea,,Matricaria discoidea,https://www.inaturalist.org/taxa/52992,,0.0,0.0,0.0
Megalodonta beckii,394.0,Bidens beckii,,Bidens beckii,https://www.inaturalist.org/taxa/204252,,0.0,0.0,0.0
Melilotus alba,60.0,Melilotus albus,,Melilotus albus,https://www.inaturalist.org/taxa/58907,,0.0,0.0,0.0
Mentha arvensis,90.0,Mentha arvensis,,,,,0.0,0.0,0.0
Mentha arvensis,90.0,Mentha canadensis,,,,,0.0,0.0,0.0
Mentha piperita,90.0,Mentha ×piperita,,Mentha ×piperita,https://www.inaturalist.org/taxa/170774,https://www.inaturalist.org/taxa/170774,0.0,0.0,1.0
Monarda fistulosa,92.0,Monarda fistulosa,,var. fistulosa,https://www.inaturalist.org/taxa/85320,,0.0,0.0,0.0
Monarda media,92.0,Monarda media,,,https://www.inaturalist.org/taxa/133093,,0.0,0.0,0.0
Monotropa hypopithys,172.0,Monotropa hypopitys,,Monotropa hypopitys,https://www.inaturalist.org/taxa/59986,,0.0,0.0,0.0
Nemopanthus mucronata,168.0,Ilex mucronata,,Ilex mucronata,https://www.inaturalist.org/taxa/153208,,0.0,0.0,0.0
Nuphar microphyllum,176.0,Nuphar microphylla,,Nuphar microphylla,https://www.inaturalist.org/taxa/204367,,0.0,0.0,0.0
Nuphar variegatum,176.0,Nuphar variegata,,Nuphar variegata,https://www.inaturalist.org/taxa/204164,,0.0,0.0,0.0
Nymphaea odorata,358.0,Nymphaea odorata,,Nymphaea odorata,https://www.inaturalist.org/taxa/51119,,1.0,0.0,0.0
Nymphaea odorata,358.0,ssp. odorata,,Nymphaea odorata,https://www.inaturalist.org/taxa/51123,https://www.inaturalist.org/taxa/51123,1.0,0.0,0.0
Nymphaea tuberosa,358.0,ssp. tuberosa,,,https://www.inaturalist.org/taxa/51124,https://www.inaturalist.org/taxa/51124,0.0,0.0,0.0
Oenothera biennis,134.0,Oenothera biennis,,,https://www.inaturalist.org/taxa/62207,,1.0,0.0,0.0
Oenothera biennis,134.0,Oenothera nutans,,,https://www.inaturalist.org/taxa/165809,,1.0,0.0,0.0
Oenothera biennis,134.0,Oenothera villosa,,,https://www.inaturalist.org/taxa/78251,,1.0,0.0,0.0
Oenothera cruciata,134.0,Oenothera parviflora,,Oenothera parviflora,https://www.inaturalist.org/taxa/165812,,0.0,0.0,0.0
Oenothera cruciata,134.0,Oenothera oakesiana,,,,,0.0,0.0,0.0
Oenothera laciniata,134.0,Oenothera laciniata,,,https://www.inaturalist.org/taxa/78243,,0.0,0.0,0.0
Oenothera laciniata,134.0,Oenothera grandis,,,,,0.0,0.0,0.0
Onosmodium virginianum,188.0,Lithospermum virginianum,,Lithospermum virginianum,https://www.inaturalist.org/taxa/705790,,0.0,0.0,0.0
Opuntia humifusa,358.0,Opuntia cespitosa,,Opuntia cespitosa,https://www.inaturalist.org/taxa/553158,,1.0,0.0,0.0
Opuntia humifusa,358.0,O. humifusa complex,,Opuntia cespitosa,https://www.inaturalist.org/taxa/1412358,https://www.inaturalist.org/taxa/1412358,1.0,0.0,0.0
Opuntia humifusa,358.0,Opuntia cespitosa,,,,,,,
Opuntia humifusa,358.0,Opuntia humifusa,,Opuntia humifusa,https://www.inaturalist.org/taxa/47894,,1.0,0.0,0.0
Opuntia humifusa,358.0,Opuntia mescantha,,,,,0.0,0.0,0.0
Orchis rotundifolia,20.0,Galearis rotundifolia,,Galearis rotundifolia,https://www.inaturalist.org/taxa/62258,,0.0,0.0,0.0
Orchis spectabilis,22.0,Galearis spectabilis,,Galearis spectabilis,https://www.inaturalist.org/taxa/51432,,0.0,0.0,0.0
Orobanche uniflora,172.0,Aphyllon uniflorum,,Aphyllon uniflorum,https://www.inaturalist.org/taxa/802714,https://www.inaturalist.org/taxa/802714,0.0,0.0,0.0
Oxalis europaea,246.0,Oxalis stricta,,Oxalis stricta,https://www.inaturalist.org/taxa/53183,,0.0,0.0,0.0
Petasites palmatus,358.0,Petasites frigidus,var.palmatus,Petasites frigidus,https://www.inaturalist.org/taxa/55780,https://www.inaturalist.org/taxa/55778,0.0,0.0,0.0
Physalis subglabrata,204.0,Physalis longifolia,var.subglabrata,Physalis longifolia,https://www.inaturalist.org/taxa/78569,https://www.inaturalist.org/taxa/242211,0.0,0.0,0.0
Plantago juncoides,398.0,Plantago maritima,,Plantago maritima,https://www.inaturalist.org/taxa/68543,,0.0,0.0,0.0
Plantago major,398.0,Plantago major,,ssp. major,https://www.inaturalist.org/taxa/58961,,0.0,0.0,0.0
Pluchea purpurascens,418.0,Pluchea odorata,,var. odorata,https://www.inaturalist.org/taxa/60146,,0.0,0.0,0.0
Polanisia graveolens,146.0,Polanisia dodecandra,,Polanisia dodecandra,https://www.inaturalist.org/taxa/78664,https://www.inaturalist.org/taxa/78664,1.0,0.0,0.0
Polanisia graveolens,146.0,ssp. dodecandra,,Polanisia dodecandra,https://www.inaturalist.org/taxa/238062,https://www.inaturalist.org/taxa/238062,1.0,0.0,0.0
Polanisia graveolens,146.0,ssp. trachyspermum,,,,,0.0,0.0,0.0
Polemonium van-bruntiae,230.0,Polemonium vanbruntiae,,Polemonium vanbruntiae,https://www.inaturalist.org/taxa/84971,,0.0,0.0,0.0
Polygala cruciata,72.0,Polygala cruciata,,var. cruciata,https://www.inaturalist.org/taxa/131648,,0.0,0.0,0.0
Polygala paucifolia,40.0,Polygaloides paucifolia,,Polygaloides paucifolia,https://www.inaturalist.org/taxa/497911,https://www.inaturalist.org/taxa/497911,0.0,0.0,0.0
Polygala verticillata,72.0,Polygala verticillata,,Polygala verticillata,https://www.inaturalist.org/taxa/167209,,1.0,0.0,0.0
Polygala verticillata,72.0,Polygala ambigua,,Polygala ambigua,https://www.inaturalist.org/taxa/204385,https://www.inaturalist.org/taxa/204385,1.0,0.0,0.0
Polygonatum biflorum,342.0,Polygonatum biflorum,var.biflorum,Polygonatum biflorum var. biflorum,https://www.inaturalist.org/taxa/85327,https://www.inaturalist.org/taxa/85329,0.0,0.0,0.0
Polygonum amphibium,192.0,Persicaria amphibia,var.stipulacea,Persicaria amphibia var. laevimarginata,https://www.inaturalist.org/taxa/78450,https://www.inaturalist.org/taxa/553504,0.0,0.0,0.0
Polygonum arifolium,402.0,Persicaria arifolia,,Persicaria arifolia,https://www.inaturalist.org/taxa/204177,,0.0,0.0,0.0
Polygonum aviculare,192.0,Polygonum aviculare complex,,,https://www.inaturalist.org/taxa/1290817,https://www.inaturalist.org/taxa/1290817,1.0,0.0,0.0
Polygonum aviculare,192.0,Polygonum buxiforme,,,https://www.inaturalist.org/taxa/167232,,1.0,0.0,0.0
Polygonum careyi,190.0,Persicaria careyi,,Persicaria careyi,https://www.inaturalist.org/taxa/153059,,0.0,0.0,0.0
Polygonum cilinode,322.0,Fallopia cilinodis,,Fallopia cilinodis,https://www.inaturalist.org/taxa/204154,,0.0,0.0,0.0
Polygonum convolvulus,322.0,Fallopia convolvulus,,Fallopia convolvulus,https://www.inaturalist.org/taxa/77129,,0.0,0.0,0.0
Polygonum cuspidatum,190.0,Reynoutria japonica,,Reynoutria japonica,https://www.inaturalist.org/taxa/914922,,0.0,0.0,0.0
Polygonum hydropiper,132.0,Persicaria hydropiper,,Persicaria hydropiper,https://www.inaturalist.org/taxa/78452,,0.0,0.0,0.0
Polygonum hydropiperoides,190.0,Persicaria hydropiperoides,,Persicaria hydropiperoides,https://www.inaturalist.org/taxa/78453,,0.0,0.0,0.0
Polygonum lapathifolium,190.0,Persicaria lapathifolia,,Persicaria lapathifolia,https://www.inaturalist.org/taxa/63886,,0.0,0.0,0.0
Polygonum orientale,190.0,Persicaria orientalis,,Persicaria orientalis,https://www.inaturalist.org/taxa/78454,,0.0,0.0,0.0
Polygonum pensylvanicum,192.0,Persicaria pensylvanica,,Persicaria pensylvanica,https://www.inaturalist.org/taxa/78455,,0.0,0.0,0.0
Polygonum persicaria,192.0,Persicaria maculosa,,Persicaria maculosa,https://www.inaturalist.org/taxa/56166,,0.0,0.0,0.0
Polygonum sagittatum,402.0,Persicaria sagittata,,Persicaria sagittata,https://www.inaturalist.org/taxa/204179,,0.0,0.0,0.0
Polygonum scandens,322.0,Fallopia scandens,,Fallopia scandens,https://www.inaturalist.org/taxa/204172,,0.0,0.0,0.0
Polygonum viviparum,192.0,Bistorta vivipara,,Bistorta vivipara,https://www.inaturalist.org/taxa/130545,,0.0,0.0,0.0
Polymnia uvedalia,390.0,Smallanthus uvedalia,,Smallanthus uvedalia,https://www.inaturalist.org/taxa/200075,,0.0,0.0,0.0
Potentilla anserina,182.0,Argentina anserina,,Argentina anserina,https://www.inaturalist.org/taxa/158615,,1.0,0.0,0.0
Potentilla anserina,182.0,ssp. anserina,,Argentina anserina,https://www.inaturalist.org/taxa/956481,https://www.inaturalist.org/taxa/956481,1.0,0.0,0.0
Potentilla arguta,230.0,Drymocallis arguta,,Drymocallis arguta,https://www.inaturalist.org/taxa/204304,,1.0,0.0,0.0
Potentilla arguta,230.0,ssp. arguta,,Drymocallis arguta,https://www.inaturalist.org/taxa/501654,https://www.inaturalist.org/taxa/501654,1.0,0.0,0.0
Potentilla fruticosa,316.0,Dasiphora fruticosa,,Dasiphora fruticosa,https://www.inaturalist.org/taxa/76606,,0.0,0.0,0.0
Potentilla palustris,230.0,Comarum palustre,,Comarum palustre,https://www.inaturalist.org/taxa/62213,,0.0,0.0,0.0
Potentilla tridentata,230.0,Sibbaldiopsis tridentata,,Sibbaldiopsis tridentata,https://www.inaturalist.org/taxa/81595,,0.0,0.0,0.0
Prenanthes alba,384.0,Nabalus albus,,Nabalus albus,https://www.inaturalist.org/taxa/130950,,0.0,0.0,0.0
Prenanthes altissima,212.0,Nabalus altissimus,,Nabalus altissimus,https://www.inaturalist.org/taxa/130951,,0.0,0.0,0.0
Prenanthes boottii,384.0,Nabalus boottii,,Nabalus boottii,https://www.inaturalist.org/taxa/204359,,0.0,0.0,0.0
Prenanthes serpentaria,384.0,Nabalus serpentaria,,Nabalus serpentaria,https://www.inaturalist.org/taxa/204361,,0.0,0.0,0.0
Prenanthes trifoliata,384.0,Nabalus trifoliolatus,,Nabalus trifoliolatus,https://www.inaturalist.org/taxa/204185,,0.0,0.0,0.0
Prunus depressa,312.0,Prunus pumila,var.depressa,Prunus pumila var. depressa,https://www.inaturalist.org/taxa/58742,https://www.inaturalist.org/taxa/130754,0.0,0.0,0.0
Pycnanthemum pilosum,78.0,Pycnanthemum verticillatum,var.pilosum,Pycnanthemum verticillatum,https://www.inaturalist.org/taxa/153908,https://www.inaturalist.org/taxa/153907,0.0,0.0,0.0
Pyrola rotundifolia,178.0,Pyrola americana,,Pyrola americana,,,1.0,0.0,0.0
Pyrola rotundifolia,178.0,Pyrola americana,,Pyrola americana,https://www.inaturalist.org/taxa/60367,,1.0,0.0,0.0
Pyrola rotundifolia,178.0,Pyrola americana,,,,,0.0,0.0,0.0
Pyrola secunda,178.0,Orthilia secunda,,Orthilia secunda,https://www.inaturalist.org/taxa/78288,,0.0,0.0,0.0
Pyrola virens,178.0,Pyrola chlorantha,,Pyrola chlorantha,https://www.inaturalist.org/taxa/63802,,0.0,0.0,0.0
Pyrus americana,320.0,Sorbus americana,,Sorbus americana,https://www.inaturalist.org/taxa/54265,,0.0,0.0,0.0
Pyrus arbutifolia,312.0,Aronia arbutifolia,,Aronia arbutifolia,https://www.inaturalist.org/taxa/151797,,0.0,0.0,0.0
Pyrus floribunda,312.0,Aronia ×prunifolia,,Aronia ×prunifolia,https://www.inaturalist.org/taxa/1366946,https://www.inaturalist.org/taxa/1366946,0.0,0.0,1.0
Pyrus melanocarpa,312.0,Aronia melanocarpa,,Aronia melanocarpa,https://www.inaturalist.org/taxa/128798,,0.0,0.0,0.0
Ranunculus cymbalaria,364.0,Halerpestes cymbalaria,,Halerpestes cymbalaria,https://www.inaturalist.org/taxa/941891,,0.0,0.0,0.0
Ranunculus ficaria,364.0,Ficaria verna,,Ficaria verna,https://www.inaturalist.org/taxa/204321,,0.0,0.0,0.0
Ranunculus hispidus,242.0,Ranunculus hispidus,var.hispidus,,https://www.inaturalist.org/taxa/126368,https://www.inaturalist.org/taxa/242551,0.0,0.0,0.0
Ranunculus septentrionalis,242.0,Ranunculus carolinianus,,Ranunculus carolinianus,https://www.inaturalist.org/taxa/356023,,0.0,0.0,0.0
Rhinanthus crista-galli,82.0,Rhinanthus minor,,Rhinanthus minor,https://www.inaturalist.org/taxa/61470,,0.0,0.0,0.0
Rhododendron nudiflorum,300.0,Rhododendron periclymenoides,,Rhododendron periclymenoides,https://www.inaturalist.org/taxa/49822,,0.0,0.0,0.0
Rhododendron roseum,300.0,Rhododendron prinophyllum,,Rhododendron prinophyllum,https://www.inaturalist.org/taxa/143409,,0.0,0.0,0.0
Rhus copallina,320.0,Rhus copallinum,,Rhus copallinum,https://www.inaturalist.org/taxa/126698,,0.0,0.0,0.0
Rhus radicans,320.0,Toxicodendron radicans,,ssp. radicans,https://www.inaturalist.org/taxa/58732,,1.0,0.0,0.0
Rhus radicans,320.0,Toxicodendron rydbergii,,Toxicodendron rydbergii,https://www.inaturalist.org/taxa/58729,,1.0,0.0,0.0
Rhus vernix,320.0,Toxicodendron vernix,,Toxicodendron vernix,https://www.inaturalist.org/taxa/54767,,0.0,0.0,0.0
Ribes sativum,306.0,Ribes rubrum,,Ribes rubrum,https://www.inaturalist.org/taxa/54431,,0.0,0.0,0.0
Rorippa islandica,144.0,Rorippa hispida,,Rorippa hispida,https://www.inaturalist.org/taxa/1323112,,1.0,0.0,0.0
Rorippa islandica,144.0,Rorippa palustris,,ssp. palustris,https://www.inaturalist.org/taxa/64162,,1.0,0.0,0.0
Rosa eglanteria,318.0,Rosa rubiginosa,,Rosa rubiginosa,https://www.inaturalist.org/taxa/78886,,0.0,0.0,0.0
Rubus idaeus,232.0,Rubus idaeus,,ssp. idaeus,https://www.inaturalist.org/taxa/54436,,0.0,0.0,0.0
Rubus idaeus,232.0,Rubus idaeus,spp. stigosus,,,https://www.inaturalist.org/taxa/125488-Rubus-idaeus-strigosus,,,
Rudbeckia fulgida,374.0,Rudbeckia fulgida,var.fulgida,,https://www.inaturalist.org/taxa/142654,https://www.inaturalist.org/taxa/242690,0.0,0.0,0.0
Rudbeckia speciosa,374.0,Rudbeckia speciosa,,,https://www.inaturalist.org/taxa/242693,,0.0,0.0,0.0
Rudbeckia speciosa,374.0,Rudbeckia sullivantii,,,,,0.0,0.0,0.0
Rudbeckia serotina,374.0,Rudbeckia hirta,var.hirta,,https://www.inaturalist.org/taxa/62741,,0.0,0.0,0.0
Rudbeckia serotina,374.0,Rudbeckia hirta,var. pulcherrima,,https://www.inaturalist.org/taxa/62741,https://www.inaturalist.org/taxa/81354-Rudbeckia-hirta-pulcherrima,0.0,0.0,0.0
Rumex maritimus,404.0,Rumex fueginus,,Rumex fueginus,https://www.inaturalist.org/taxa/78903,,1.0,0.0,0.0
Rumex maritimus,404.0,Rumex maritimus,,,https://www.inaturalist.org/taxa/168242,,1.0,0.0,0.0
Rumex orbiculatus,404.0,Rumex britannica,,Rumex britannica,https://www.inaturalist.org/taxa/78900,,0.0,0.0,0.0
Salicornia europaea,398.0,Salicornia virginica,,Salicornia virginica,https://www.inaturalist.org/taxa/78930,,0.0,0.0,0.0
Salicornia virginica,398.0,Salicornia ambigua,,Salicornia ambigua,https://www.inaturalist.org/taxa/793678,,0.0,0.0,0.0
Salsola kali,406.0,Salsola kali,,Salsola kali,https://www.inaturalist.org/taxa/57897,,1.0,0.0,0.0
Salsola kali,406.0,Salsola tragus,,Salsola tragus,https://www.inaturalist.org/taxa/57896,,1.0,0.0,0.0
Sambucus pubens,320.0,Sambucus racemosa,,Sambucus racemosa,https://www.inaturalist.org/taxa/57824,,1.0,0.0,0.0
Sambucus pubens,320.0,ssp. pubens,,Sambucus racemosa,https://www.inaturalist.org/taxa/362529,https://www.inaturalist.org/taxa/362529,1.0,0.0,0.0
Sanicula gregaria,426.0,Sanicula odorata,,Sanicula odorata,https://www.inaturalist.org/taxa/127367,,0.0,0.0,0.0
Satureja vulgaris,80.0,Clinopodium vulgare,,Clinopodium vulgare,https://www.inaturalist.org/taxa/84281,,1.0,0.0,0.0
Satureja vulgaris,80.0,ssp. vulgare,,Clinopodium vulgare,https://www.inaturalist.org/taxa/521351,https://www.inaturalist.org/taxa/521351,1.0,0.0,0.0
Saxifraga micranthidifolia,180.0,Micranthes micranthidifolia,,Micranthes micranthidifolia,https://www.inaturalist.org/taxa/371063,,0.0,0.0,0.0
Saxifraga pensylvanica,180.0,Micranthes pensylvanica,,Micranthes pensylvanica,https://www.inaturalist.org/taxa/204163,,0.0,0.0,0.0
Saxifraga virginiensis,180.0,Micranthes virginiensis,,Micranthes virginiensis,https://www.inaturalist.org/taxa/204176,,0.0,0.0,0.0
Scutellaria epilobiifolia,98.0,Scutellaria galericulata,,Scutellaria galericulata,https://www.inaturalist.org/taxa/79016,,0.0,0.0,0.0
Sedum purpureum,216.0,Hylotelephium telephium,,Hylotelephium telephium,https://www.inaturalist.org/taxa/84031,,0.0,0.0,0.0
Sedum rosea,140.0,Rhodiola rosea,,Rhodiola rosea,https://www.inaturalist.org/taxa/84436,,0.0,0.0,0.0
Sedum telephioides,216.0,Hylotelephium telephioides,,Hylotelephium telephioides,https://www.inaturalist.org/taxa/118744,,0.0,0.0,0.0
Senecio aureus,378.0,Packera aurea,,Packera aurea,https://www.inaturalist.org/taxa/116329,,0.0,0.0,0.0
Senecio jacobaea,378.0,Jacobaea vulgaris,,Jacobaea vulgaris,https://www.inaturalist.org/taxa/62498,,0.0,0.0,0.0
Senecio obovatus,378.0,Packera obovata,,Packera obovata,https://www.inaturalist.org/taxa/127891,,0.0,0.0,0.0
Senecio pauperculus,378.0,Packera paupercula,var.paupercula,Packera paupercula var. paupercula,https://www.inaturalist.org/taxa/127945,https://www.inaturalist.org/taxa/241939,0.0,0.0,0.0
Senecio robbinsii,378.0,Packera schweinitziana,,Packera schweinitziana,https://www.inaturalist.org/taxa/155015,,0.0,0.0,0.0
Sericocarpus Aster pilosusoides,210.0,Sericocarpus asteroides,,,https://www.inaturalist.org/taxa/168856,,1.0,0.0,0.0
Sericocarpus Aster pilosusoides,210.0,Sericocarpus caespitosus,,,https://www.inaturalist.org/taxa/1305099,,1.0,0.0,0.0
Silene cucubalus,260.0,Silene vulgaris,,Silene vulgaris,https://www.inaturalist.org/taxa/55721,,1.0,0.0,0.0
Silene cucubalus,260.0,ssp. vulgaris,ssp. vulgaris,Silene vulgaris,https://www.inaturalist.org/taxa/338376,https://www.inaturalist.org/taxa/338376,1.0,0.0,0.0
Silphium trifoliatum,392.0,Silphium asteriscus,var.asteriscus,,https://www.inaturalist.org/taxa/130741,,0.0,0.0,0.0
Silphium trifoliatum,392.0,Silphium asteriscus,var. latifolium,,,,,,
Silphium trifoliatum,392.0,Silphium asteriscus,var. trifoliatum,,,,,,
Smilacina racemosa,346.0,Maianthemum racemosum,ssp. racemosum,Maianthemum racemosum,https://www.inaturalist.org/taxa/53012,,1.0,0.0,0.0
Smilacina stellata,346.0,Maianthemum stellatum,,Maianthemum stellatum,https://www.inaturalist.org/taxa/53268,,0.0,0.0,0.0
Smilacina trifolia,346.0,Maianthemum trifolium,,Maianthemum trifolium,https://www.inaturalist.org/taxa/118774,,0.0,0.0,0.0
Solidago cutleri,452.0,Solidago leiocarpa,,Solidago leiocarpa,https://www.inaturalist.org/taxa/204415,,0.0,0.0,0.0
Solidago elliottii,448.0,Solidago latissimifolia,,Solidago latissimifolia,https://www.inaturalist.org/taxa/169111,,0.0,0.0,0.0
Solidago graminifolia,450.0,Euthamia graminifolia,,Euthamia graminifolia,https://www.inaturalist.org/taxa/130989,,0.0,0.0,0.0
Solidago sempervirens,404.0,Solidago sempervirens,,,https://www.inaturalist.org/taxa/126888,,1.0,0.0,0.0
Solidago sempervirens,404.0,Solidago mexicana,,,https://www.inaturalist.org/taxa/954006,,1.0,0.0,0.0
Solidago stricta,452.0,Solidago stricta,,,https://www.inaturalist.org/taxa/169130,,0.0,0.0,0.0
Solidago tenuifolia,450.0,Euthamia caroliniana,,Euthamia caroliniana,https://www.inaturalist.org/taxa/129032,,0.0,0.0,0.0
Solidago uliginosa,446.0,Solidago uliginosa,,var. uliginosa,https://www.inaturalist.org/taxa/126657,,0.0,0.0,0.0
Specularia perfoliata,208.0,Triodanis perfoliata,,Triodanis perfoliata,https://www.inaturalist.org/taxa/64293,,0.0,0.0,0.0
Spiraea alba,310.0,Spiraea alba,var.alba,Spiraea alba,https://www.inaturalist.org/taxa/126823,https://www.inaturalist.org/taxa/243044,0.0,0.0,0.0
Spiranthes cernua,26.0,Spiranthes arcisepala,,,https://www.inaturalist.org/taxa/773386,,1.0,0.0,0.0
Spiranthes cernua,26.0,S. cernua complex s.s.,,,,,1.0,0.0,0.0
Spiranthes cernua,26.0,Spiranthes casei,,,https://www.inaturalist.org/taxa/62253,,1.0,0.0,0.0
Spiranthes cernua,26.0,Spiranthes cernua,,,https://www.inaturalist.org/taxa/773385,,1.0,0.0,0.0
Spiranthes cernua,26.0,Spiranthes incurva,,,https://www.inaturalist.org/taxa/773387,,1.0,0.0,0.0
Spiranthes cernua,26.0,Spiranthes ochroleuca,,,https://www.inaturalist.org/taxa/169271,,1.0,0.0,0.0
Spiranthes gracilis,26.0,Spiranthes lacera,var.gracilis,Spiranthes lacera,https://www.inaturalist.org/taxa/120355,https://www.inaturalist.org/taxa/243058,0.0,0.0,0.0
Stachys hyssopifolia,80.0,Stachys hyssopifolia,,,https://www.inaturalist.org/taxa/169317,,1.0,0.0,0.0
Stachys hyssopifolia,80.0,Stachys aspera,,,https://www.inaturalist.org/taxa/169310,,1.0,0.0,0.0
Stachys tenuifolia,88.0,Stachys hispida,,Stachys hispida,,,1.0,0.0,0.0
Stachys tenuifolia,88.0,Stachys hispida,,Stachys hispida,https://www.inaturalist.org/taxa/204419,,1.0,0.0,0.0
Stachys tenuifolia,88.0,Stachys hispida,,Stachys tenuifolia,https://www.inaturalist.org/taxa/134221,,1.0,0.0,0.0
Stellaria pubera,274.0,Stellaria pubera,,,https://www.inaturalist.org/taxa/126702,,1.0,0.0,0.0
Stellaria pubera,274.0,Stellaria corei,,,https://www.inaturalist.org/taxa/169333,,1.0,0.0,0.0
Streptopus amplexifolius,342.0,Streptopus amplexifolius,,,,,0.0,0.0,0.0
Streptopus amplexifolius,342.0,Streptopus ×oreopolus,,,,,0.0,0.0,0.0
Streptopus roseus,342.0,Streptopus lanceolatus,,Streptopus lanceolatus,https://www.inaturalist.org/taxa/127916,,0.0,0.0,0.0
Swertia carolinensis,152.0,Frasera caroliniensis,,Frasera caroliniensis,https://www.inaturalist.org/taxa/118741,,0.0,0.0,0.0
Talinum teretifolium,174.0,Phemeranthus teretifolius,,Phemeranthus teretifolius,https://www.inaturalist.org/taxa/338809,,0.0,0.0,0.0
Thalictrum polygamum,146.0,Thalictrum pubescens,,Thalictrum pubescens,https://www.inaturalist.org/taxa/128715,,0.0,0.0,0.0
Thalictrum revolutum,146.0,Thalictrum revolutum,,Thalictrum amphibolum,https://www.inaturalist.org/taxa/143040,,0.0,0.0,0.0
Thaspium barbinode,226.0,Thaspium barbinode,,,https://www.inaturalist.org/taxa/169669,,1.0,0.0,0.0
Thaspium barbinode,226.0,Thaspium chapmanii,,,https://www.inaturalist.org/taxa/555536,,1.0,0.0,0.0
Thymus serpyllum,80.0,Thymus praecox,,,https://www.inaturalist.org/taxa/169752,,1.0,0.0,0.0
Thymus serpyllum,80.0,Thymus pulegioides,,,https://www.inaturalist.org/taxa/169753,,1.0,0.0,0.0
Tofieldia glutinosa,344.0,Triantha glutinosa,,Triantha glutinosa,https://www.inaturalist.org/taxa/169913,,0.0,0.0,0.0
Tovara virginiana,130.0,Persicaria virginiana,,Persicaria virginiana,https://www.inaturalist.org/taxa/144047,,0.0,0.0,0.0
Trientalis borealis,386.0,Lysimachia borealis,,Lysimachia borealis,https://www.inaturalist.org/taxa/204174,,0.0,0.0,0.0
Trifolium agrarium,58.0,Trifolium aureum,,Trifolium aureum,https://www.inaturalist.org/taxa/79409,,0.0,0.0,0.0
Trifolium procumbens,58.0,Trifolium campestre,,Trifolium campestre,https://www.inaturalist.org/taxa/57076,,0.0,0.0,0.0
Triphora trianthophora,40.0,Triphora trianthophoros,,Triphora trianthophoros,https://www.inaturalist.org/taxa/778767,,1.0,0.0,0.0
Triphora trianthophora,40.0,ssp. trianthophoros,,Triphora trianthophoros,https://www.inaturalist.org/taxa/778769,https://www.inaturalist.org/taxa/778769,1.0,0.0,0.0
Typha glauca,410.0,Typha × glauca,,Typha ×glauca,https://www.inaturalist.org/taxa/181686,https://www.inaturalist.org/taxa/181686,0.0,0.0,1.0
Urtica procera,438.0,Urtica gracilis,ssp. gracilis,,https://www.inaturalist.org/taxa/141854,https://www.inaturalist.org/taxa/1074432,0.0,0.0,0.0
Utricularia gibba,16.0,Utricularia gibba,,,,,0.0,0.0,0.0
Utricularia inflata,16.0,Utricularia inflata,,Utricularia inflata,https://www.inaturalist.org/taxa/170086,,1.0,0.0,0.0
Utricularia inflata,16.0,Utricularia radiata,,Utricularia radiata,https://www.inaturalist.org/taxa/170090,,1.0,0.0,0.0
Utricularia vulgaris,16.0,Utricularia macrorhiza,,Utricularia macrorhiza,https://www.inaturalist.org/taxa/79465,,0.0,0.0,0.0
Uvularia pudica,340.0,Uvularia puberula,,Uvularia puberula,https://www.inaturalist.org/taxa/170096,,0.0,0.0,0.0
Vaccinium atrococcum,298.0,Vaccinium fuscatum,,Vaccinium fuscatum,https://www.inaturalist.org/taxa/52739,,0.0,0.0,0.0
Vaccinium vacillans,308.0,Vaccinium pallidum,,Vaccinium pallidum,https://www.inaturalist.org/taxa/84270,,0.0,0.0,0.0
Valerianella olitoria,284.0,Valerianella locusta,,Valerianella locusta,https://www.inaturalist.org/taxa/55752,,0.0,0.0,0.0
Vernonia altissima,210.0,Vernonia gigantea,,Vernonia gigantea,https://www.inaturalist.org/taxa/127037,,0.0,0.0,0.0
Viburnum alnifolium,302.0,Viburnum lantanoides,,Viburnum lantanoides,https://www.inaturalist.org/taxa/63166,,0.0,0.0,0.0
Viburnum rafinesquianum,302.0,Viburnum rafinesqueanum,,Viburnum rafinesqueanum,https://www.inaturalist.org/taxa/142693,,0.0,0.0,0.0
Vicia angustifolia,114.0,Vicia sativa,,Vicia sativa,https://www.inaturalist.org/taxa/53324,,1.0,0.0,0.0
Vicia angustifolia,114.0,ssp. nigra,,Vicia sativa,https://www.inaturalist.org/taxa/710103,https://www.inaturalist.org/taxa/710103,1.0,0.0,0.0
Vicia sativa,114.0,ssp. sativa,,,https://www.inaturalist.org/taxa/53334,https://www.inaturalist.org/taxa/53334,0.0,0.0,0.0
Vicia villosa,112.0,Vicia villosa,ssp. villosa,,https://www.inaturalist.org/taxa/57317,,0.0,0.0,0.0
Vicia villosa,112.0,Vicia villosa,ssp. varia,,https://www.inaturalist.org/taxa/57316,https://www.inaturalist.org/taxa/57316,0.0,0.0,0.0
Viola sororia,30.0,Viola communis,,,https://www.inaturalist.org/taxa/1391871,,0.0,0.0,0.0
Viola papilionacea,30.0,Viola sororia,,,https://www.inaturalist.org/taxa/82816,,0.0,0.0,0.0
Viola conspersa,56.0,Viola labradorica,,Viola labradorica,https://www.inaturalist.org/taxa/133393,,0.0,0.0,0.0
Viola kitaibeliana,56.0,Viola rafinesquei,,Viola rafinesquei,https://www.inaturalist.org/taxa/1393273,,0.0,0.0,0.0
Viola pallens,28.0,Viola minuscula,,Viola minuscula,https://www.inaturalist.org/taxa/1392347,,0.0,0.0,0.0
Viola palmata,32.0,Viola baxteri,,,https://www.inaturalist.org/taxa/1392232,,1.0,0.0,0.0
Viola palmata,32.0,Viola subsinuata,,,https://www.inaturalist.org/taxa/204435,,1.0,0.0,0.0
Viola pensylvanica,54.0,Viola eriocarpa,,Viola eriocarpa,https://www.inaturalist.org/taxa/544286,,0.0,0.0,0.0
Viola triloba,32.0,Viola palmata,var.palmata,Viola palmata,https://www.inaturalist.org/taxa/540959,,0.0,0.0,0.0
Xanthium echinatum,416.0,Xanthium orientale,,Xanthium orientale,https://www.inaturalist.org/taxa/506262,,0.0,0.0,0.0
Xanthorrhiza simplicissima,320.0,Xanthorhiza simplicissima,,Xanthorhiza simplicissima,https://www.inaturalist.org/taxa/170344,,0.0,0.0,0.0
Xanthoxylum americanum,170.0,Zanthoxylum americanum,,Zanthoxylum americanum,https://www.inaturalist.org/taxa/54836,,0.0,0.0,0.0
Xyris caroliniana,116.0,Xyris jupicai,,Xyris jupicai,https://www.inaturalist.org/taxa/170366,,0.0,0.0,0.0
