pile_slug,taxon_id,scientific_name,common_name,genus,family,taxonomic_authority,species_url
woody-angiosperms,3431,Deutzia scabra,fuzzy pride-of-Rochester,Deutzia,Hydrangeaceae,Thunb.,/species/deutzia/scabra/?pile=woody-angiosperms
woody-angiosperms,1040,Daphne cneorum,rose daphne,Daphne,Thymelaeaceae,L.,/species/daphne/cneorum/?pile=woody-angiosperms
woody-angiosperms,2816,Cydonia oblonga,quince,Cydonia,Rosaceae,P. Mill.,/species/cydonia/oblonga/?pile=woody-angiosperms
woody-angiosperms,3520,Pyrus calleryana,Bradford pear,Pyrus,Rosaceae,Dcne.,/species/pyrus/calleryana/?pile=woody-angiosperms
woody-angiosperms,820,Pyrus communis,common pear,Pyrus,Rosaceae,L.,/species/pyrus/communis/?pile=woody-angiosperms
woody-angiosperms,2498,Exochorda racemosa,common pearlbrush,Exochorda,Rosaceae,(Lindl.) Rehd.,/species/exochorda/racemosa/?pile=woody-angiosperms
woody-angiosperms,2688,Crataegus succulenta,fleshy hawthorn,Crataegus,Rosaceae,Schrad. ex Link,/species/crataegus/succulenta/?pile=woody-angiosperms
woody-angiosperms,795,Crataegus stonei,Stone's hawthorn,Crataegus,Rosaceae,Sarg.,/species/crataegus/stonei/?pile=woody-angiosperms
woody-angiosperms,3375,Crataegus schuettei,Schuette's hawthorn,Crataegus,Rosaceae,Ashe,/species/crataegus/schuettei/?pile=woody-angiosperms
woody-angiosperms,2408,Crataegus scabrida,scabrous hawthorn,Crataegus,Rosaceae,Sarg.,/species/crataegus/scabrida/?pile=woody-angiosperms
woody-angiosperms,463,Crataegus populnea,poplar hawthorn,Crataegus,Rosaceae,Ashe,/species/crataegus/populnea/?pile=woody-angiosperms
woody-angiosperms,2702,Crataegus pisifera,pea hawthorn,Crataegus,Rosaceae,Sarg.,/species/crataegus/pisifera/?pile=woody-angiosperms
woody-angiosperms,587,Crataegus macracantha,long-thorned hawthorn,Crataegus,Rosaceae,Lodd. ex Loud,/species/crataegus/macracantha/?pile=woody-angiosperms
woody-angiosperms,1405,Crataegus levis,smooth hawthorn,Crataegus,Rosaceae,Sarg.,/species/crataegus/levis/?pile=woody-angiosperms
woody-angiosperms,1304,Crataegus laurentiana,Brunet's hawthorn,Crataegus,Rosaceae,Sarg.,/species/crataegus/laurentiana/?pile=woody-angiosperms
woody-angiosperms,1439,Crataegus kennedyi,Kennedy's hawthorn,Crataegus,Rosaceae,Sarg.,/species/crataegus/kennedyi/?pile=woody-angiosperms
woody-angiosperms,437,Crataegus keepii,Keep's hawthorn,Crataegus,Rosaceae,Sarg.,/species/crataegus/keepii/?pile=woody-angiosperms
woody-angiosperms,1489,Crataegus jonesiae,Miss Jones' hawthorn,Crataegus,Rosaceae,Sarg.,/species/crataegus/jonesiae/?pile=woody-angiosperms
woody-angiosperms,534,Crataegus punctata,dotted hawthorn,Crataegus,Rosaceae,Jacq.,/species/crataegus/punctata/?pile=woody-angiosperms
woody-angiosperms,1481,Crataegus irrasa,zigzag hawthorn,Crataegus,Rosaceae,Sarg.,/species/crataegus/irrasa/?pile=woody-angiosperms
woody-angiosperms,3029,Crataegus ideae,Ide's hawthorn,Crataegus,Rosaceae,Sarg.,/species/crataegus/ideae/?pile=woody-angiosperms
woody-angiosperms,3252,Crataegus umbratilis,shaded hawthorn,Crataegus,Rosaceae,Sarg.,/species/crataegus/umbratilis/?pile=woody-angiosperms
woody-angiosperms,3506,Crataegus handyae,Handy's hawthorn,Crataegus,Rosaceae,Sarg.,/species/crataegus/handyae/?pile=woody-angiosperms
woody-angiosperms,1910,Crataegus fretalis,Long Island Sound hawthorn,Crataegus,Rosaceae,Sarg.,/species/crataegus/fretalis/?pile=woody-angiosperms
woody-angiosperms,31,Crataegus forbesae,Forbes' hawthorn,Crataegus,Rosaceae,Sarg.,/species/crataegus/forbesae/?pile=woody-angiosperms
woody-angiosperms,1777,Crataegus fluviatilis,river hawthorn,Crataegus,Rosaceae,Sarg.,/species/crataegus/fluviatilis/?pile=woody-angiosperms
woody-angiosperms,703,Crataegus lucorum,grove hawthorn,Crataegus,Rosaceae,Sarg.,/species/crataegus/lucorum/?pile=woody-angiosperms
woody-angiosperms,677,Crataegus flavida,yellow hawthorn,Crataegus,Rosaceae,Sarg.,/species/crataegus/flavida/?pile=woody-angiosperms
woody-angiosperms,324,Crataegus flabellata,fan-leaved hawthorn,Crataegus,Rosaceae,(Bosc ex Spach) K. Koch,/species/crataegus/flabellata/?pile=woody-angiosperms
woody-angiosperms,3132,Crataegus submollis,Quebec hawthorn,Crataegus,Rosaceae,Sarg.,/species/crataegus/submollis/?pile=woody-angiosperms
woody-angiosperms,919,Crataegus faxonii,Faxon's hawthorn,Crataegus,Rosaceae,Sarg.,/species/crataegus/faxonii/?pile=woody-angiosperms
woody-angiosperms,2517,Crataegus egglestonii,Eggleston's hawthorn,Crataegus,Rosaceae,Sarg.,/species/crataegus/egglestonii/?pile=woody-angiosperms
woody-angiosperms,1294,Crataegus lumaria,thorny hawthorn,Crataegus,Rosaceae,Ashe,/species/crataegus/lumaria/?pile=woody-angiosperms
woody-angiosperms,3152,Crataegus dodgei,Dodge's hawthorn,Crataegus,Rosaceae,Ashe,/species/crataegus/dodgei/?pile=woody-angiosperms
woody-angiosperms,1921,Crataegus dissona,northern hawthorn,Crataegus,Rosaceae,Sarg.,/species/crataegus/dissona/?pile=woody-angiosperms
woody-angiosperms,3463,Crataegus pruinosa,frosted hawthorn,Crataegus,Rosaceae,(Wendl. f.) K. Koch,/species/crataegus/pruinosa/?pile=woody-angiosperms
woody-angiosperms,997,Crataegus jesupii,Jesup's hawthorn,Crataegus,Rosaceae,Sarg.,/species/crataegus/jesupii/?pile=woody-angiosperms
woody-angiosperms,251,Crataegus cyclophylla,round-leaved hawthorn,Crataegus,Rosaceae,Sarg.,/species/crataegus/cyclophylla/?pile=woody-angiosperms
woody-angiosperms,2932,Crataegus crus-galli,cockspur hawthorn,Crataegus,Rosaceae,L.,/species/crataegus/crus-galli/?pile=woody-angiosperms
woody-angiosperms,1412,Crataegus schizophylla,cleft-leaved hawthorn,Crataegus,Rosaceae,Egglest.,/species/crataegus/schizophylla/?pile=woody-angiosperms
woody-angiosperms,3108,Crataegus coccinioides,Kansas hawthorn,Crataegus,Rosaceae,Ashe,/species/crataegus/coccinioides/?pile=woody-angiosperms
woody-angiosperms,2751,Crataegus coccinea,scarlet hawthorn,Crataegus,Rosaceae,L.,/species/crataegus/coccinea/?pile=woody-angiosperms
woody-angiosperms,3376,Crataegus pringlei,Pringle's hawthorn,Crataegus,Rosaceae,Sarg.,/species/crataegus/pringlei/?pile=woody-angiosperms
woody-angiosperms,535,Crataegus holmesiana,Holmes' hawthorn,Crataegus,Rosaceae,Ashe,/species/crataegus/holmesiana/?pile=woody-angiosperms
woody-angiosperms,2730,Crataegus brainerdii,Brainerd's hawthorn,Crataegus,Rosaceae,Sarg.,/species/crataegus/brainerdii/?pile=woody-angiosperms
woody-angiosperms,744,Crataegus boyntonii,stinking hawthorn,Crataegus,Rosaceae,Beadle,/species/crataegus/boyntonii/?pile=woody-angiosperms
woody-angiosperms,1524,Crataegus intricata,entangled hawthorn,Crataegus,Rosaceae,Lange,/species/crataegus/intricata/?pile=woody-angiosperms
woody-angiosperms,3114,Crataegus biltmoreana,Biltmore hawthorn,Crataegus,Rosaceae,Beadle,/species/crataegus/biltmoreana/?pile=woody-angiosperms
woody-angiosperms,238,Crataegus bicknellii,Bicknell's hawthorn,Crataegus,Rosaceae,Egglest.,/species/crataegus/bicknellii/?pile=woody-angiosperms
woody-angiosperms,1480,Crataegus asperifolia,rough-leaved hawthorn,Crataegus,Rosaceae,Sarg.,/species/crataegus/asperifolia/?pile=woody-angiosperms
woody-angiosperms,2792,Empetrum atropurpureum,purple crowberry,Empetrum,Ericaceae,Fern. & Wieg.,/species/empetrum/atropurpureum/?pile=woody-angiosperms
woody-angiosperms,653,Empetrum nigrum,black crowberry,Empetrum,Ericaceae,L.,/species/empetrum/nigrum/?pile=woody-angiosperms
woody-angiosperms,599,Corema conradii,broom-crowberry,Corema,Ericaceae,(Torr.) Torr. ex Loud.,/species/corema/conradii/?pile=woody-angiosperms
woody-angiosperms,2331,Chaenomeles japonica,Japanese flowering-quince,Chaenomeles,Rosaceae,(Thunb.) Lindl. ex Spach,/species/chaenomeles/japonica/?pile=woody-angiosperms
woody-angiosperms,2696,Chaenomeles speciosa,common flowering-quince,Chaenomeles,Rosaceae,(Sweet) Nakai,/species/chaenomeles/speciosa/?pile=woody-angiosperms
woody-angiosperms,79,Celastrus scandens,American bittersweet,Celastrus,Celastraceae,L.,/species/celastrus/scandens/?pile=woody-angiosperms
woody-angiosperms,915,Ceanothus herbaceus,prairie redroot,Ceanothus,Rhamnaceae,L.,/species/ceanothus/herbaceus/?pile=woody-angiosperms
woody-angiosperms,1918,Ceanothus americanus,New Jersey tea,Ceanothus,Rhamnaceae,L.,/species/ceanothus/americanus/?pile=woody-angiosperms
woody-angiosperms,2235,Catalpa bignonioides,southern catalpa,Catalpa,Bignoniaceae,Walt.,/species/catalpa/bignonioides/?pile=woody-angiosperms
woody-angiosperms,772,Catalpa speciosa,northern catalpa,Catalpa,Bignoniaceae,(Warder) Warder ex Engelm.,/species/catalpa/speciosa/?pile=woody-angiosperms
woody-angiosperms,1089,Catalpa ovata,Chinese catalpa,Catalpa,Bignoniaceae,G. Don,/species/catalpa/ovata/?pile=woody-angiosperms
woody-angiosperms,3427,Fagus grandifolia,American beech,Fagus,Fagaceae,Ehrh.,/species/fagus/grandifolia/?pile=woody-angiosperms
woody-angiosperms,11,Castanea dentata,American chestnut,Castanea,Fagaceae,(Marsh.) Borkh.,/species/castanea/dentata/?pile=woody-angiosperms
woody-angiosperms,1680,Castanea sativa,Spanish chestnut,Castanea,Fagaceae,P. Mill.,/species/castanea/sativa/?pile=woody-angiosperms
woody-angiosperms,1691,Castanea mollissima,Chinese chestnut,Castanea,Fagaceae,Blume,/species/castanea/mollissima/?pile=woody-angiosperms
woody-angiosperms,649,Castanea pumila,dwarf chestnut,Castanea,Fagaceae,P. Mill.,/species/castanea/pumila/?pile=woody-angiosperms
woody-angiosperms,3070,Carya tomentosa,mockernut hickory,Carya,Juglandaceae,(Poir. in Lam.) Nutt.,/species/carya/tomentosa/?pile=woody-angiosperms
woody-angiosperms,1513,Carya laciniosa,shellbark hickory,Carya,Juglandaceae,(Michx. f.) Loud.,/species/carya/laciniosa/?pile=woody-angiosperms
woody-angiosperms,1993,Colutea arborescens,bladder-senna,Colutea,Fabaceae,L.,/species/colutea/arborescens/?pile=woody-angiosperms
woody-angiosperms,3407,Caragana arborescens,Siberian pea shrub,Caragana,Fabaceae,Lam.,/species/caragana/arborescens/?pile=woody-angiosperms
woody-angiosperms,3053,Calluna vulgaris,heather,Calluna,Ericaceae,(L.) Hull,/species/calluna/vulgaris/?pile=woody-angiosperms
woody-angiosperms,3284,Betula populifolia,gray birch,Betula,Betulaceae,Marsh.,/species/betula/populifolia/?pile=woody-angiosperms
woody-angiosperms,73,Betula pendula,European weeping birch,Betula,Betulaceae,Roth,/species/betula/pendula/?pile=woody-angiosperms
woody-angiosperms,377,Betula papyrifera,paper birch,Betula,Betulaceae,Marsh.,/species/betula/papyrifera/?pile=woody-angiosperms
woody-angiosperms,1676,Betula nigra,river birch,Betula,Betulaceae,L.,/species/betula/nigra/?pile=woody-angiosperms
woody-angiosperms,927,Betula pubescens,downy birch,Betula,Betulaceae,Ehrh.,/species/betula/pubescens/?pile=woody-angiosperms
woody-angiosperms,334,Betula minor,dwarf birch,Betula,Betulaceae,(Tuckerman) Fern.,/species/betula/minor/?pile=woody-angiosperms
woody-angiosperms,530,Betula glandulosa,glandular birch,Betula,Betulaceae,Michx.,/species/betula/glandulosa/?pile=woody-angiosperms
woody-angiosperms,3324,Betula pumila,bog birch,Betula,Betulaceae,L.,/species/betula/pumila/?pile=woody-angiosperms
woody-angiosperms,330,Betula lenta,cherry birch,Betula,Betulaceae,L.,/species/betula/lenta/?pile=woody-angiosperms
woody-angiosperms,978,Betula alleghaniensis,yellow birch,Betula,Betulaceae,Britt.,/species/betula/alleghaniensis/?pile=woody-angiosperms
woody-angiosperms,389,Berberis koreana,Korea barberry,Berberis,Berberidaceae,Palibin.,/species/berberis/koreana/?pile=woody-angiosperms
woody-angiosperms,2644,Berberis vulgaris,common barberry,Berberis,Berberidaceae,L.,/species/berberis/vulgaris/?pile=woody-angiosperms
woody-angiosperms,329,Berberis thunbergii,Japanese barberry,Berberis,Berberidaceae,DC.,/species/berberis/thunbergii/?pile=woody-angiosperms
woody-angiosperms,1733,Benthamidia florida,flowering big-bracted-dogwood,Benthamidia,Cornaceae,(L.) Spach,/species/benthamidia/florida/?pile=woody-angiosperms
woody-angiosperms,3287,Benthamidia japonica,kousa big-bracted-dogwood,Benthamidia,Cornaceae,(Sieb. & Zucc.) Hara,/species/benthamidia/japonica/?pile=woody-angiosperms
woody-angiosperms,1456,Baccharis halimifolia,eastern false willow,Baccharis,Asteraceae,L.,/species/baccharis/halimifolia/?pile=woody-angiosperms
woody-angiosperms,3063,Artemisia abrotanum,southern wormwood,Artemisia,Asteraceae,L.,/species/artemisia/abrotanum/?pile=woody-angiosperms
woody-angiosperms,309,Arctostaphylos uva-ursi,red bearberry,Arctostaphylos,Ericaceae,(L.) Spreng.,/species/arctostaphylos/uva-ursi/?pile=woody-angiosperms
woody-angiosperms,2146,Arctous alpina,alpine-bearberry,Arctous,Ericaceae,(L.) Nied.,/species/arctous/alpina/?pile=woody-angiosperms
woody-angiosperms,2590,Aralia elata,Japanese angelica-tree,Aralia,Apiaceae,(Miq.) Seem.,/species/aralia/elata/?pile=woody-angiosperms
woody-angiosperms,1227,Aralia spinosa,Hercules'-club,Aralia,Apiaceae,L.,/species/aralia/spinosa/?pile=woody-angiosperms
woody-angiosperms,1178,Viburnum prunifolium,smooth blackhaw,Viburnum,Adoxaceae,L.,/species/viburnum/prunifolium/?pile=woody-angiosperms
woody-angiosperms,1479,Prunus serotina,black cherry,Prunus,Rosaceae,Ehrh.,/species/prunus/serotina/?pile=woody-angiosperms
woody-angiosperms,3226,Artemisia tridentata,big sagebrush,Artemisia,Asteraceae,Nutt.,/species/artemisia/tridentata/?pile=woody-angiosperms
woody-angiosperms,335,Aronia floribunda,purple chokeberry,Aronia,Rosaceae,(Lindl.) Spach,/species/aronia/floribunda/?pile=woody-angiosperms
woody-angiosperms,1897,Amorpha fruticosa,false indigo-bush,Amorpha,Fabaceae,L.,/species/amorpha/fruticosa/?pile=woody-angiosperms
woody-angiosperms,2325,Amelanchier canadensis,eastern shadbush,Amelanchier,Rosaceae,(L.) Medik.,/species/amelanchier/canadensis/?pile=woody-angiosperms
woody-angiosperms,1095,Amelanchier bartramiana,mountain shadbush,Amelanchier,Rosaceae,(Tausch) M. Roemer,/species/amelanchier/bartramiana/?pile=woody-angiosperms
woody-angiosperms,1550,Amelanchier arborea,downy shadbush,Amelanchier,Rosaceae,(Michx. f.) Fern.,/species/amelanchier/arborea/?pile=woody-angiosperms
woody-angiosperms,3436,Alnus viridis,green alder,Alnus,Betulaceae,(Vill.) Lam. & DC.,/species/alnus/viridis/?pile=woody-angiosperms
woody-angiosperms,90,Alnus serrulata,smooth alder,Alnus,Betulaceae,(Ait.) Willd.,/species/alnus/serrulata/?pile=woody-angiosperms
woody-angiosperms,3346,Alnus incana,speckled alder,Alnus,Betulaceae,(L.) Moench,/species/alnus/incana/?pile=woody-angiosperms
woody-angiosperms,289,Acer spicatum,mountain maple,Acer,Sapindaceae,Lam.,/species/acer/spicatum/?pile=woody-angiosperms
woody-angiosperms,991,Xanthorhiza simplicissima,shrub yellowroot,Xanthorhiza,Ranunculaceae,Marsh.,/species/xanthorhiza/simplicissima/?pile=woody-angiosperms
woody-angiosperms,750,Wisteria sinensis,Chinese wisteria,Wisteria,Fabaceae,(Sims) DC.,/species/wisteria/sinensis/?pile=woody-angiosperms
woody-angiosperms,358,Wisteria frutescens,American wisteria,Wisteria,Fabaceae,(L.) Poir.,/species/wisteria/frutescens/?pile=woody-angiosperms
woody-angiosperms,228,Wisteria floribunda,Japanese wisteria,Wisteria,Fabaceae,(Willd.) DC.,/species/wisteria/floribunda/?pile=woody-angiosperms
woody-angiosperms,428,Weigela floribunda,crimson weigela,Weigela,Caprifoliaceae,(Sieb. & Zucc.) C.A. Mey.,/species/weigela/floribunda/?pile=woody-angiosperms
woody-angiosperms,1809,Vitis vulpina,frost grape,Vitis,Vitaceae,L.,/species/vitis/vulpina/?pile=woody-angiosperms
woody-angiosperms,2254,Vitis vinifera,European grape,Vitis,Vitaceae,L.,/species/vitis/vinifera/?pile=woody-angiosperms
woody-angiosperms,54,Vitis riparia,river grape,Vitis,Vitaceae,Michx.,/species/vitis/riparia/?pile=woody-angiosperms
woody-angiosperms,972,Vitis palmata,catbird grape,Vitis,Vitaceae,Vahl,/species/vitis/palmata/?pile=woody-angiosperms
woody-angiosperms,3039,Vitis labrusca,fox grape,Vitis,Vitaceae,L.,/species/vitis/labrusca/?pile=woody-angiosperms
woody-angiosperms,890,Vitis aestivalis,summer grape,Vitis,Vitaceae,Michx.,/species/vitis/aestivalis/?pile=woody-angiosperms
woody-angiosperms,2297,Viburnum sieboldii,Siebold's arrowwood,Viburnum,Adoxaceae,Miq.,/species/viburnum/sieboldii/?pile=woody-angiosperms
woody-angiosperms,1768,Viburnum plicatum,Japanese snowball,Viburnum,Adoxaceae,Thunb.,/species/viburnum/plicatum/?pile=woody-angiosperms
woody-angiosperms,3110,Viburnum dilatatum,linden arrowwood,Viburnum,Adoxaceae,Thunb.,/species/viburnum/dilatatum/?pile=woody-angiosperms
woody-angiosperms,249,Vaccinium vitis-idaea,mountain cranberry,Vaccinium,Ericaceae,L.,/species/vaccinium/vitis-idaea/?pile=woody-angiosperms
woody-angiosperms,1120,Vaccinium stamineum,deerberry,Vaccinium,Ericaceae,L.,/species/vaccinium/stamineum/?pile=woody-angiosperms
woody-angiosperms,3165,Vaccinium myrtilloides,velvet-leaved blueberry,Vaccinium,Ericaceae,Michx.,/species/vaccinium/myrtilloides/?pile=woody-angiosperms
woody-angiosperms,2320,Vaccinium macrocarpon,large cranberry,Vaccinium,Ericaceae,Ait.,/species/vaccinium/macrocarpon/?pile=woody-angiosperms
woody-angiosperms,1243,Vaccinium fuscatum,black highbush blueberry,Vaccinium,Ericaceae,Ait.,/species/vaccinium/fuscatum/?pile=woody-angiosperms
woody-angiosperms,2819,Vaccinium cespitosum,dwarf blueberry,Vaccinium,Ericaceae,Michx.,/species/vaccinium/cespitosum/?pile=woody-angiosperms
woody-angiosperms,1515,Vaccinium boreale,northern blueberry,Vaccinium,Ericaceae,Hall & Aalders,/species/vaccinium/boreale/?pile=woody-angiosperms
woody-angiosperms,1053,Ulmus thomasii,rock elm,Ulmus,Ulmaceae,Sarg.,/species/ulmus/thomasii/?pile=woody-angiosperms
woody-angiosperms,790,Ulmus procera,English elm,Ulmus,Ulmaceae,Salisb.,/species/ulmus/procera/?pile=woody-angiosperms
woody-angiosperms,3305,Ulmus parvifolia,Chinese elm,Ulmus,Ulmaceae,Jacq.,/species/ulmus/parvifolia/?pile=woody-angiosperms
woody-angiosperms,2198,Ulmus glabra,Scotch elm,Ulmus,Ulmaceae,Huds.,/species/ulmus/glabra/?pile=woody-angiosperms
woody-angiosperms,2467,Tamarix parviflora,small-flowered tamarisk,Tamarix,Tamaricaceae,DC.,/species/tamarix/parviflora/?pile=woody-angiosperms
woody-angiosperms,1297,Syringa reticulata,Japanese tree lilac,Syringa,Oleaceae,(Blume) Hara,/species/syringa/reticulata/?pile=woody-angiosperms
woody-angiosperms,2829,Symplocos paniculata,Asiatic sweetleaf,Symplocos,Symplocaceae,(Thunb.) Miq.,/species/symplocos/paniculata/?pile=woody-angiosperms
woody-angiosperms,2875,Symphoricarpos orbiculatus,red snowberry,Symphoricarpos,Caprifoliaceae,Moench,/species/symphoricarpos/orbiculatus/?pile=woody-angiosperms
woody-angiosperms,594,Symphoricarpos albus,common snowberry,Symphoricarpos,Caprifoliaceae,(L.) Blake,/species/symphoricarpos/albus/?pile=woody-angiosperms
woody-angiosperms,806,Swida sanguinea,blood-twig dogwood,Swida,Cornaceae,(L.) Opiz,/species/swida/sanguinea/?pile=woody-angiosperms
woody-angiosperms,2367,Spiraea thunbergii,Thunberg's meadowsweet,Spiraea,Rosaceae,Sieb. ex Blume,/species/spiraea/thunbergii/?pile=woody-angiosperms
woody-angiosperms,625,Spiraea prunifolia,bridalwreath meadowsweet,Spiraea,Rosaceae,Sieb. & Zucc.,/species/spiraea/prunifolia/?pile=woody-angiosperms
woody-angiosperms,1006,Spiraea japonica,Japanese meadowsweet,Spiraea,Rosaceae,L. f.,/species/spiraea/japonica/?pile=woody-angiosperms
woody-angiosperms,876,Spiraea chamaedryfolia,germander meadowsweet,Spiraea,Rosaceae,L.,/species/spiraea/chamaedryfolia/?pile=woody-angiosperms
woody-angiosperms,3416,Sorbus hybrida,oak-leaved mountain-ash,Sorbus,Rosaceae,L.,/species/sorbus/hybrida/?pile=woody-angiosperms
woody-angiosperms,3206,Sorbus decora,showy mountain-ash,Sorbus,Rosaceae,(Sarg.) Schneid.,/species/sorbus/decora/?pile=woody-angiosperms
woody-angiosperms,2536,Sorbus americana,American mountain-ash,Sorbus,Rosaceae,Marsh,/species/sorbus/americana/?pile=woody-angiosperms
woody-angiosperms,3358,Sorbus aucuparia,European mountain-ash,Sorbus,Rosaceae,L.,/species/sorbus/aucuparia/?pile=woody-angiosperms
woody-angiosperms,2091,Sorbus alnifolia,Korean mountain-ash,Sorbus,Rosaceae,(Sieb. & Zucc.) K. Koch,/species/sorbus/alnifolia/?pile=woody-angiosperms
woody-angiosperms,1858,Smilax hispida,bristly greenbrier,Smilax,Smilacaceae,Raf.,/species/smilax/hispida/?pile=woody-angiosperms
woody-angiosperms,1771,Shepherdia canadensis,Canada buffalo-berry,Shepherdia,Elaeagnaceae,(L.) Nutt.,/species/shepherdia/canadensis/?pile=woody-angiosperms
woody-angiosperms,1808,Senecio spartioides,broom-like ragwort,Senecio,Asteraceae,Torr. & Gray,/species/senecio/spartioides/?pile=woody-angiosperms
woody-angiosperms,1036,Euonymus fortunei,climbing spindle-tree,Euonymus,Celastraceae,(Turcz.) Hand.-Mazz,/species/euonymus/fortunei/?pile=woody-angiosperms
woody-angiosperms,2212,Salix viminalis,osier willow,Salix,Salicaceae,L.,/species/salix/viminalis/?pile=woody-angiosperms
woody-angiosperms,2703,Salix uva-ursi,bearberry willow,Salix,Salicaceae,Pursh,/species/salix/uva-ursi/?pile=woody-angiosperms
woody-angiosperms,233,Salix serissima,autumn willow,Salix,Salicaceae,(Bailey) Fern.,/species/salix/serissima/?pile=woody-angiosperms
woody-angiosperms,436,Salix sericea,silky willow,Salix,Salicaceae,Marsh.,/species/salix/sericea/?pile=woody-angiosperms
woody-angiosperms,3126,Salix pyrifolia,balsam willow,Salix,Salicaceae,Anderss.,/species/salix/pyrifolia/?pile=woody-angiosperms
woody-angiosperms,447,Salix planifolia,tea-leaved willow,Salix,Salicaceae,Pursh,/species/salix/planifolia/?pile=woody-angiosperms
woody-angiosperms,3219,Salix pentandra,laurel willow,Salix,Salicaceae,L.,/species/salix/pentandra/?pile=woody-angiosperms
woody-angiosperms,459,Salix pellita,satiny willow,Salix,Salicaceae,(Anderss.) Anderss. ex Schneid.,/species/salix/pellita/?pile=woody-angiosperms
woody-angiosperms,3103,Salix pedicellaris,bog willow,Salix,Salicaceae,Pursh,/species/salix/pedicellaris/?pile=woody-angiosperms
woody-angiosperms,572,Salix occidentalis,dwarf prairie willow,Salix,Salicaceae,Walt.,/species/salix/occidentalis/?pile=woody-angiosperms
woody-angiosperms,1937,Salix nigra,black willow,Salix,Salicaceae,Marsh.,/species/salix/nigra/?pile=woody-angiosperms
woody-angiosperms,2804,Salix myricoides,bayberry willow,Salix,Salicaceae,Muhl.,/species/salix/myricoides/?pile=woody-angiosperms
woody-angiosperms,1315,Salix humilis,prairie willow,Salix,Salicaceae,Marsh.,/species/salix/humilis/?pile=woody-angiosperms
woody-angiosperms,2719,Salix herbacea,snow-bed willow,Salix,Salicaceae,L.,/species/salix/herbacea/?pile=woody-angiosperms
woody-angiosperms,1105,Salix exigua,sandbar willow,Salix,Salicaceae,Nutt.,/species/salix/exigua/?pile=woody-angiosperms
woody-angiosperms,2634,Salix elaeagnos,hoary willow,Salix,Salicaceae,Scop.,/species/salix/elaeagnos/?pile=woody-angiosperms
woody-angiosperms,3471,Salix discolor,pussy willow,Salix,Salicaceae,Muhl.,/species/salix/discolor/?pile=woody-angiosperms
woody-angiosperms,1268,Salix caprea,goat willow,Salix,Salicaceae,L.,/species/salix/caprea/?pile=woody-angiosperms
woody-angiosperms,968,Salix candida,sage willow,Salix,Salicaceae,Fluegge ex Willd.,/species/salix/candida/?pile=woody-angiosperms
woody-angiosperms,485,Salix bebbiana,long-beaked willow,Salix,Salicaceae,Sarg.,/species/salix/bebbiana/?pile=woody-angiosperms
woody-angiosperms,1010,Salix aurita,eared willow,Salix,Salicaceae,L.,/species/salix/aurita/?pile=woody-angiosperms
woody-angiosperms,269,Salix argyrocarpa,Labrador willow,Salix,Salicaceae,Anderss.,/species/salix/argyrocarpa/?pile=woody-angiosperms
woody-angiosperms,953,Salix arctophila,northern willow,Salix,Salicaceae,Cockerell ex Heller,/species/salix/arctophila/?pile=woody-angiosperms
woody-angiosperms,1965,Salix alba,white willow,Salix,Salicaceae,L.,/species/salix/alba/?pile=woody-angiosperms
woody-angiosperms,882,Rubus vermontanus,Vermont blackberry,Rubus,Rosaceae,Blanch.,/species/rubus/vermontanus/?pile=woody-angiosperms
woody-angiosperms,1594,Rubus semisetosus,northeastern blackberry,Rubus,Rosaceae,Blanch.,/species/rubus/semisetosus/?pile=woody-angiosperms
woody-angiosperms,2754,Rubus parvifolius,Japanese raspberry,Rubus,Rosaceae,L.,/species/rubus/parvifolius/?pile=woody-angiosperms
woody-angiosperms,102,Rubus frondosus,leafy-flowered blackberry,Rubus,Rosaceae,Bigelow,/species/rubus/frondosus/?pile=woody-angiosperms
woody-angiosperms,658,Rubus elegantulus,showy blackberry,Rubus,Rosaceae,Blanch.,/species/rubus/elegantulus/?pile=woody-angiosperms
woody-angiosperms,347,Rubus discolor,Himalayan blackberry,Rubus,Rosaceae,Weihe & Nees,/species/rubus/discolor/?pile=woody-angiosperms
woody-angiosperms,86,Rubus cuneifolius,sand blackberry,Rubus,Rosaceae,Pursh,/species/rubus/cuneifolius/?pile=woody-angiosperms
woody-angiosperms,1422,Rubus canadensis,smooth blackberry,Rubus,Rosaceae,L.,/species/rubus/canadensis/?pile=woody-angiosperms
woody-angiosperms,3408,Rubus argutus,southern blackberry,Rubus,Rosaceae,Link,/species/rubus/argutus/?pile=woody-angiosperms
woody-angiosperms,2544,Rubus allegheniensis,common blackberry,Rubus,Rosaceae,Porter,/species/rubus/allegheniensis/?pile=woody-angiosperms
woody-angiosperms,2510,Rosa virginiana,Virginia rose,Rosa,Rosaceae,P. Mill.,/species/rosa/virginiana/?pile=woody-angiosperms
woody-angiosperms,3515,Rosa spinosissima,Scotch rose,Rosa,Rosaceae,L.,/species/rosa/spinosissima/?pile=woody-angiosperms
woody-angiosperms,3400,Rosa setigera,climbing rose,Rosa,Rosaceae,Michx.,/species/rosa/setigera/?pile=woody-angiosperms
woody-angiosperms,2813,Rosa rubiginosa,sweet-briar rose,Rosa,Rosaceae,L.,/species/rosa/rubiginosa/?pile=woody-angiosperms
woody-angiosperms,3018,Rosa micrantha,small-flowered sweet-briar rose,Rosa,Rosaceae,Borrer ex Sm.,/species/rosa/micrantha/?pile=woody-angiosperms
woody-angiosperms,3189,Rosa luciae,memorial rose,Rosa,Rosaceae,Franch. & Rochebr. ex Crépin,/species/rosa/luciae/?pile=woody-angiosperms
woody-angiosperms,2161,Rosa glauca,red-leaved rose,Rosa,Rosaceae,Pourret,/species/rosa/glauca/?pile=woody-angiosperms
woody-angiosperms,1285,Rosa cinnamomea,cinnamon rose,Rosa,Rosaceae,L.,/species/rosa/cinnamomea/?pile=woody-angiosperms
woody-angiosperms,2574,Rosa blanda,smooth rose,Rosa,Rosaceae,Ait.,/species/rosa/blanda/?pile=woody-angiosperms
woody-angiosperms,2530,Rosa arkansana,prairie rose,Rosa,Rosaceae,Porter,/species/rosa/arkansana/?pile=woody-angiosperms
woody-angiosperms,2086,Rosa acicularis,bristly rose,Rosa,Rosaceae,Lindl.,/species/rosa/acicularis/?pile=woody-angiosperms
woody-angiosperms,889,Robinia pseudoacacia,black locust,Robinia,Fabaceae,L.,/species/robinia/pseudoacacia/?pile=woody-angiosperms
woody-angiosperms,2946,Robinia hispida,bristly locust,Robinia,Fabaceae,L.,/species/robinia/hispida/?pile=woody-angiosperms
woody-angiosperms,1544,Ribes uva-crispa,European gooseberry,Ribes,Grossulariaceae,L.,/species/ribes/uva-crispa/?pile=woody-angiosperms
woody-angiosperms,1192,Ribes rubrum,garden red currant,Ribes,Grossulariaceae,L.,/species/ribes/rubrum/?pile=woody-angiosperms
woody-angiosperms,3485,Ribes rotundifolium,Appalachian gooseberry,Ribes,Grossulariaceae,Michx.,/species/ribes/rotundifolium/?pile=woody-angiosperms
woody-angiosperms,1159,Ribes missouriense,Missouri gooseberry,Ribes,Grossulariaceae,Nutt.,/species/ribes/missouriense/?pile=woody-angiosperms
woody-angiosperms,529,Ribes aureum,golden currant,Ribes,Grossulariaceae,Pursh,/species/ribes/aureum/?pile=woody-angiosperms
woody-angiosperms,443,Ribes americanum,eastern black currant,Ribes,Grossulariaceae,P. Mill.,/species/ribes/americanum/?pile=woody-angiosperms
woody-angiosperms,1329,Rhus aromatica,fragrant sumac,Rhus,Anacardiaceae,Ait.,/species/rhus/aromatica/?pile=woody-angiosperms
woody-angiosperms,555,Rhodotypos scandens,black jetbead,Rhodotypos,Rosaceae,(Thunb.) Makino,/species/rhodotypos/scandens/?pile=woody-angiosperms
woody-angiosperms,1037,Rhododendron vaseyi,pink-shell azalea,Rhododendron,Ericaceae,Gray,/species/rhododendron/vaseyi/?pile=woody-angiosperms
woody-angiosperms,3085,Rhododendron prinophyllum,early azalea,Rhododendron,Ericaceae,(Small) Millais,/species/rhododendron/prinophyllum/?pile=woody-angiosperms
woody-angiosperms,3201,Rhododendron lapponicum,Lapland rosebay,Rhododendron,Ericaceae,(L.) Wahlenb.,/species/rhododendron/lapponicum/?pile=woody-angiosperms
woody-angiosperms,3157,Rhododendron japonicum,Japanese azalea,Rhododendron,Ericaceae,(Gray) Sur.,/species/rhododendron/japonicum/?pile=woody-angiosperms
woody-angiosperms,1602,Rhododendron catawbiense,Catawba rosebay,Rhododendron,Ericaceae,Michx.,/species/rhododendron/catawbiense/?pile=woody-angiosperms
woody-angiosperms,2887,Rhododendron carolinianum,Carolina rhododendron,Rhododendron,Ericaceae,Rehd.,/species/rhododendron/carolinianum/?pile=woody-angiosperms
woody-angiosperms,255,Rhododendron calendulaceum,flame azalea,Rhododendron,Ericaceae,(Michx.) Torr.,/species/rhododendron/calendulaceum/?pile=woody-angiosperms
woody-angiosperms,1666,Rhamnus davurica,Dahurian buckthorn,Rhamnus,Rhamnaceae,Pallas,/species/rhamnus/davurica/?pile=woody-angiosperms
woody-angiosperms,98,Quercus velutina,black oak,Quercus,Fagaceae,Lam.,/species/quercus/velutina/?pile=woody-angiosperms
woody-angiosperms,768,Quercus phellos,willow oak,Quercus,Fagaceae,L.,/species/quercus/phellos/?pile=woody-angiosperms
woody-angiosperms,2100,Quercus palustris,pin oak,Quercus,Fagaceae,Muenchh.,/species/quercus/palustris/?pile=woody-angiosperms
woody-angiosperms,3096,Quercus muehlenbergii,chinkapin oak,Quercus,Fagaceae,Engelm.,/species/quercus/muehlenbergii/?pile=woody-angiosperms
woody-angiosperms,3270,Quercus imbricaria,shingle oak,Quercus,Fagaceae,Michx.,/species/quercus/imbricaria/?pile=woody-angiosperms
woody-angiosperms,1828,Quercus coccinea,scarlet oak,Quercus,Fagaceae,Muenchh.,/species/quercus/coccinea/?pile=woody-angiosperms
woody-angiosperms,1155,Prunus susquehanae,Appalachian sand plum,Prunus,Rosaceae,hort. ex Willd.,/species/prunus/susquehanae/?pile=woody-angiosperms
woody-angiosperms,3443,Prunus spinosa,blackthorn plum,Prunus,Rosaceae,L.,/species/prunus/spinosa/?pile=woody-angiosperms
woody-angiosperms,1302,Prunus serrulata,Japanese flowering cherry,Prunus,Rosaceae,Lindl.,/species/prunus/serrulata/?pile=woody-angiosperms
woody-angiosperms,1772,Prunus pumila,dwarf sand plum,Prunus,Rosaceae,L.,/species/prunus/pumila/?pile=woody-angiosperms
woody-angiosperms,421,Prunus persica,peach,Prunus,Rosaceae,(L.) Batsch,/species/prunus/persica/?pile=woody-angiosperms
woody-angiosperms,175,Prunus nigra,Canada plum,Prunus,Rosaceae,Ait.,/species/prunus/nigra/?pile=woody-angiosperms
woody-angiosperms,1248,Prunus insititia,Damson plum,Prunus,Rosaceae,L.,/species/prunus/insititia/?pile=woody-angiosperms
woody-angiosperms,314,Prunus hortulana,Hortulan plum,Prunus,Rosaceae,Bailey,/species/prunus/hortulana/?pile=woody-angiosperms
woody-angiosperms,442,Prunus cerasus,sour cherry,Prunus,Rosaceae,L.,/species/prunus/cerasus/?pile=woody-angiosperms
woody-angiosperms,1946,Prunus avium,sweet cherry,Prunus,Rosaceae,(L.) L.,/species/prunus/avium/?pile=woody-angiosperms
woody-angiosperms,928,Prunus alleghaniensis,Allegheny plum,Prunus,Rosaceae,Porter,/species/prunus/alleghaniensis/?pile=woody-angiosperms
woody-angiosperms,2378,Populus nigra,black poplar,Populus,Salicaceae,L.,/species/populus/nigra/?pile=woody-angiosperms
woody-angiosperms,2174,Hydrangea arborescens,American hydrangea,Hydrangea,Hydrangeaceae,L.,/species/hydrangea/arborescens/?pile=woody-angiosperms
woody-angiosperms,1368,Quercus prinoides,dwarf chestnut oak,Quercus,Fagaceae,Willd.,/species/quercus/prinoides/?pile=woody-angiosperms
woody-angiosperms,1657,Populus heterophylla,swamp poplar,Populus,Salicaceae,L.,/species/populus/heterophylla/?pile=woody-angiosperms
woody-angiosperms,1868,Hamamelis virginiana,American witch-hazel,Hamamelis,Hamamelidaceae,L.,/species/hamamelis/virginiana/?pile=woody-angiosperms
woody-angiosperms,3367,Ficus carica,common fig,Ficus,Moraceae,L.,/species/ficus/carica/?pile=woody-angiosperms
woody-angiosperms,2058,Daphne mezereum,paradise plant,Daphne,Thymelaeaceae,L.,/species/daphne/mezereum/?pile=woody-angiosperms
woody-angiosperms,2981,Corylus cornuta,beaked hazelnut,Corylus,Betulaceae,Marsh.,/species/corylus/cornuta/?pile=woody-angiosperms
woody-angiosperms,1477,Corylus americana,American hazelnut,Corylus,Betulaceae,Walt.,/species/corylus/americana/?pile=woody-angiosperms
woody-angiosperms,474,Clethra alnifolia,coastal sweet-pepperbush,Clethra,Clethraceae,L.,/species/clethra/alnifolia/?pile=woody-angiosperms
woody-angiosperms,2599,Morus rubra,red mulberry,Morus,Moraceae,L.,/species/morus/rubra/?pile=woody-angiosperms
woody-angiosperms,2902,Carya ovata,shagbark hickory,Carya,Juglandaceae,(P. Mill.) K. Koch,/species/carya/ovata/?pile=woody-angiosperms
woody-angiosperms,182,Carya cordiformis,bitternut hickory,Carya,Juglandaceae,(Wangenh.) K. Koch,/species/carya/cordiformis/?pile=woody-angiosperms
woody-angiosperms,3320,Buddleja davidii,orange-eye butterfly-bush,Buddleja,Scrophulariaceae,Franch.,/species/buddleja/davidii/?pile=woody-angiosperms
woody-angiosperms,205,Broussonetia papyrifera,paper-mulberry,Broussonetia,Moraceae,(L.) L'Hér ex Vent.,/species/broussonetia/papyrifera/?pile=woody-angiosperms
woody-angiosperms,604,Viburnum lantana,wayfaring tree,Viburnum,Adoxaceae,L.,/species/viburnum/lantana/?pile=woody-angiosperms
woody-angiosperms,3479,Prunus maritima,beach plum,Prunus,Rosaceae,Marsh.,/species/prunus/maritima/?pile=woody-angiosperms
woody-angiosperms,1866,Euonymus atropurpureus,eastern spindle-tree,Euonymus,Celastraceae,Jacq.,/species/euonymus/atropurpureus/?pile=woody-angiosperms
woody-angiosperms,2295,Campsis radicans,trumpet-creeper,Campsis,Bignoniaceae,(L.) Seem. ex Bureau,/species/campsis/radicans/?pile=woody-angiosperms
woody-angiosperms,1709,Acer negundo,ash-leaved maple,Acer,Sapindaceae,L.,/species/acer/negundo/?pile=woody-angiosperms
woody-angiosperms,1756,Morella caroliniensis,small bayberry,Morella,Myricaceae,(Mill.) Small,/species/morella/caroliniensis/?pile=woody-angiosperms
woody-angiosperms,3181,Viburnum edule,squashberry,Viburnum,Adoxaceae,(Michx.) Raf.,/species/viburnum/edule/?pile=woody-angiosperms
woody-angiosperms,2629,Prunus americana,American plum,Prunus,Rosaceae,Marsh.,/species/prunus/americana/?pile=woody-angiosperms
woody-angiosperms,1055,Populus grandidentata,bigtooth aspen,Populus,Salicaceae,Michx.,/species/populus/grandidentata/?pile=woody-angiosperms
woody-angiosperms,2227,Iva frutescens,maritime marsh-elder,Iva,Asteraceae,L.,/species/iva/frutescens/?pile=woody-angiosperms
woody-angiosperms,550,Euonymus alatus,winged spindle-tree,Euonymus,Celastraceae,(Thunb.) Sieb.,/species/euonymus/alatus/?pile=woody-angiosperms
woody-angiosperms,3104,Carpinus caroliniana,American hornbeam,Carpinus,Betulaceae,Walt.,/species/carpinus/caroliniana/?pile=woody-angiosperms
woody-angiosperms,340,Acer nigrum,black maple,Acer,Sapindaceae,Michx. f.,/species/acer/nigrum/?pile=woody-angiosperms
woody-angiosperms,1213,Tilia cordata,small-leaved linden,Tilia,Malvaceae,P. Mill.,/species/tilia/cordata/?pile=woody-angiosperms
woody-angiosperms,2601,Rubus flagellaris,northern dewberry,Rubus,Rosaceae,Willd.,/species/rubus/flagellaris/?pile=woody-angiosperms
woody-angiosperms,3057,Lyonia mariana,piedmont staggerbush,Lyonia,Ericaceae,(L.) D. Don,/species/lyonia/mariana/?pile=woody-angiosperms
woody-angiosperms,2947,Lonicera reticulata,grape honeysuckle,Lonicera,Caprifoliaceae,Raf.,/species/lonicera/reticulata/?pile=woody-angiosperms
woody-angiosperms,216,Swida alternifolia,pagoda dogwood,Swida,Cornaceae,(L. f.) Small,/species/swida/alternifolia/?pile=woody-angiosperms
woody-angiosperms,2474,Quercus robur,English oak,Quercus,Fagaceae,L.,/species/quercus/robur/?pile=woody-angiosperms
woody-angiosperms,350,Prunus domestica,European plum,Prunus,Rosaceae,L.,/species/prunus/domestica/?pile=woody-angiosperms
woody-angiosperms,62,Rubus pensilvanicus,Pennsylvania blackberry,Rubus,Rosaceae,Poir.,/species/rubus/pensilvanicus/?pile=woody-angiosperms
woody-angiosperms,1407,Rhamnus utilis,Chinese buckthorn,Rhamnus,Rhamnaceae,Dcne.,/species/rhamnus/utilis/?pile=woody-angiosperms
woody-angiosperms,834,Malus sieboldii,Toringo crab apple,Malus,Rosaceae,(Regel) Rehd.,/species/malus/sieboldii/?pile=woody-angiosperms
woody-angiosperms,398,Lonicera sempervirens,trumpet honeysuckle,Lonicera,Caprifoliaceae,L.,/species/lonicera/sempervirens/?pile=woody-angiosperms
woody-angiosperms,525,Lonicera oblongifolia,swamp honeysuckle,Lonicera,Caprifoliaceae,(Goldie) Hook.,/species/lonicera/oblongifolia/?pile=woody-angiosperms
woody-angiosperms,2337,Rubus idaeus,red raspberry,Rubus,Rosaceae,L.,/species/rubus/idaeus/?pile=woody-angiosperms
woody-angiosperms,1198,Vaccinium pallidum,hillside blueberry,Vaccinium,Ericaceae,Ait.,/species/vaccinium/pallidum/?pile=woody-angiosperms
woody-angiosperms,1043,Diospyros virginiana,common persimmon,Diospyros,Ebenaceae,L.,/species/diospyros/virginiana/?pile=woody-angiosperms
woody-angiosperms,1466,Rosa mollis,soft downy rose,Rosa,Rosaceae,Sm.,/species/rosa/mollis/?pile=woody-angiosperms
woody-angiosperms,1071,Malus prunifolia,pear-leaved crab apple,Malus,Rosaceae,(Willd.) Borkh.,/species/malus/prunifolia/?pile=woody-angiosperms
woody-angiosperms,2824,Populus balsamifera,balsam poplar,Populus,Salicaceae,L.,/species/populus/balsamifera/?pile=woody-angiosperms
woody-angiosperms,3254,Lycium barbarum,matrimony-vine,Lycium,Solanaceae,L.,/species/lycium/barbarum/?pile=woody-angiosperms
woody-angiosperms,840,Lonicera hirsuta,hairy honeysuckle,Lonicera,Caprifoliaceae,Eat.,/species/lonicera/hirsuta/?pile=woody-angiosperms
woody-angiosperms,712,Ribes glandulosum,skunk currant,Ribes,Grossulariaceae,Grauer,/species/ribes/glandulosum/?pile=woody-angiosperms
woody-angiosperms,3210,Vaccinium caesariense,New Jersey highbush blueberry,Vaccinium,Ericaceae,Mackenzie,/species/vaccinium/caesariense/?pile=woody-angiosperms
woody-angiosperms,2796,Kalmia angustifolia,sheep American-laurel,Kalmia,Ericaceae,L.,/species/kalmia/angustifolia/?pile=woody-angiosperms
woody-angiosperms,2715,Syringa vulgaris,common lilac,Syringa,Oleaceae,L.,/species/syringa/vulgaris/?pile=woody-angiosperms
woody-angiosperms,1599,Rhododendron maximum,rhododendron,Rhododendron,Ericaceae,L.,/species/rhododendron/maximum/?pile=woody-angiosperms
woody-angiosperms,2280,Erica tetralix,cross-leaved heath,Erica,Ericaceae,L.,/species/erica/tetralix/?pile=woody-angiosperms
woody-angiosperms,1743,Crataegus monogyna,one-seeded hawthorn,Crataegus,Rosaceae,Jacq.,/species/crataegus/monogyna/?pile=woody-angiosperms
woody-angiosperms,423,Malus floribunda,Japanese flowering crab apple,Malus,Rosaceae,Sieb. ex Van Houtte,/species/malus/floribunda/?pile=woody-angiosperms
woody-angiosperms,84,Cephalanthus occidentalis,common buttonbush,Cephalanthus,Rubiaceae,L.,/species/cephalanthus/occidentalis/?pile=woody-angiosperms
woody-angiosperms,1244,Rhus hirta,staghorn sumac,Rhus,Anacardiaceae,(L.) Sudworth,/species/rhus/hirta/?pile=woody-angiosperms
woody-angiosperms,1864,Hypericum frondosum,cedar glade St. John's-wort,Hypericum,Hypericaceae,Michx.,/species/hypericum/frondosum/?pile=woody-angiosperms
woody-angiosperms,3249,Linnaea borealis,American twinflower,Linnaea,Caprifoliaceae,L.,/species/linnaea/borealis/?pile=woody-angiosperms
woody-angiosperms,1035,Chionanthus virginicus,white fringe-tree,Chionanthus,Oleaceae,L.,/species/chionanthus/virginicus/?pile=woody-angiosperms
woody-angiosperms,118,Gymnocladus dioicus,Kentucky coffee-tree,Gymnocladus,Fabaceae,(L.) K. Koch,/species/gymnocladus/dioicus/?pile=woody-angiosperms
woody-angiosperms,2528,Erica vagans,Cornish heath,Erica,Ericaceae,L.,/species/erica/vagans/?pile=woody-angiosperms
woody-angiosperms,3426,Salicornia ambigua,perennial glasswort,Salicornia,Amaranthaceae,Michx.,/species/salicornia/ambigua/?pile=woody-angiosperms
woody-angiosperms,2777,Fagus sylvatica,European beech,Fagus,Fagaceae,L.,/species/fagus/sylvatica/?pile=woody-angiosperms
woody-angiosperms,600,Toxicodendron radicans,poison-ivy,Toxicodendron,Anacardiaceae,(L.) Kuntze,/species/toxicodendron/radicans/?pile=woody-angiosperms
woody-angiosperms,1380,Genista tinctoria,dyer's greenweed,Genista,Fabaceae,L.,/species/genista/tinctoria/?pile=woody-angiosperms
woody-angiosperms,2494,Hibiscus syriacus,shrubby rose-mallow,Hibiscus,Malvaceae,L.,/species/hibiscus/syriacus/?pile=woody-angiosperms
woody-angiosperms,3277,Lindera benzoin,northern spicebush,Lindera,Lauraceae,(L.) Blume,/species/lindera/benzoin/?pile=woody-angiosperms
woody-angiosperms,2899,Magnolia tripetala,umbrella-tree,Magnolia,Magnoliaceae,(L.) L.,/species/magnolia/tripetala/?pile=woody-angiosperms
woody-angiosperms,1061,Carya glabra,pignut hickory,Carya,Juglandaceae,(P. Mill.) Sweet,/species/carya/glabra/?pile=woody-angiosperms
woody-angiosperms,1157,Rosa nitida,shining rose,Rosa,Rosaceae,Willd.,/species/rosa/nitida/?pile=woody-angiosperms
woody-angiosperms,1202,Nyssa sylvatica,black tupelo,Nyssa,Cornaceae,Marsh.,/species/nyssa/sylvatica/?pile=woody-angiosperms
woody-angiosperms,1020,Hypericum densiflorum,bushy St. John's-wort,Hypericum,Hypericaceae,Pursh,/species/hypericum/densiflorum/?pile=woody-angiosperms
woody-angiosperms,1492,Alnus glutinosa,European alder,Alnus,Betulaceae,(L.) Gaertn.,/species/alnus/glutinosa/?pile=woody-angiosperms
woody-angiosperms,892,Spiraea tomentosa,rosy meadowsweet,Spiraea,Rosaceae,L.,/species/spiraea/tomentosa/?pile=woody-angiosperms
woody-angiosperms,2720,Chimaphila maculata,pipsissewa,Chimaphila,Ericaceae,(L.) Pursh,/species/chimaphila/maculata/?pile=woody-angiosperms
woody-angiosperms,2611,Albizia julibrissin,silk-tree,Albizia,Fabaceae,Durazz.,/species/albizia/julibrissin/?pile=woody-angiosperms
woody-angiosperms,701,Aronia arbutifolia,red chokeberry,Aronia,Rosaceae,(L.) Pers.,/species/aronia/arbutifolia/?pile=woody-angiosperms
woody-angiosperms,2416,Viburnum opulus,highbush-cranberry,Viburnum,Adoxaceae,L.,/species/viburnum/opulus/?pile=woody-angiosperms
woody-angiosperms,108,Lespedeza cyrtobotrya,leafy bush-clover,Lespedeza,Fabaceae,Miq.,/species/lespedeza/cyrtobotrya/?pile=woody-angiosperms
woody-angiosperms,2652,Rubus jaysmithii,Smith's blackberry,Rubus,Rosaceae,Bailey,/species/rubus/jaysmithii/?pile=woody-angiosperms
woody-angiosperms,2268,Liriodendron tulipifera,tuliptree,Liriodendron,Magnoliaceae,L.,/species/liriodendron/tulipifera/?pile=woody-angiosperms
woody-angiosperms,2518,Sambucus nigra,black elderberry,Sambucus,Adoxaceae,L.,/species/sambucus/nigra/?pile=woody-angiosperms
woody-angiosperms,3100,Calycanthus floridus,eastern sweetshrub,Calycanthus,Calycanthaceae,L.,/species/calycanthus/floridus/?pile=woody-angiosperms
woody-angiosperms,2242,Forsythia viridissima,green-stemmed forsythia,Forsythia,Oleaceae,Lindl.,/species/forsythia/viridissima/?pile=woody-angiosperms
woody-angiosperms,760,Mitchella repens,partridge-berry,Mitchella,Rubiaceae,L.,/species/mitchella/repens/?pile=woody-angiosperms
woody-angiosperms,1938,Laburnum anagyroides,golden chain-tree,Laburnum,Fabaceae,Medik.,/species/laburnum/anagyroides/?pile=woody-angiosperms
woody-angiosperms,57,Populus tremuloides,quaking aspen,Populus,Salicaceae,Michx.,/species/populus/tremuloides/?pile=woody-angiosperms
woody-angiosperms,3185,Morus alba,white mulberry,Morus,Moraceae,L.,/species/morus/alba/?pile=woody-angiosperms
woody-angiosperms,2853,Vaccinium angustifolium,common lowbush blueberry,Vaccinium,Ericaceae,Ait.,/species/vaccinium/angustifolium/?pile=woody-angiosperms
woody-angiosperms,581,Pachysandra terminalis,pachysandra,Pachysandra,Buxaceae,Sieb. & Zucc.,/species/pachysandra/terminalis/?pile=woody-angiosperms
woody-angiosperms,2046,Ligustrum sinense,Chinese privet,Ligustrum,Oleaceae,Lour.,/species/ligustrum/sinense/?pile=woody-angiosperms
woody-angiosperms,21,Diapensia lapponica,pincushion-plant,Diapensia,Diapensiaceae,L.,/species/diapensia/lapponica/?pile=woody-angiosperms
woody-angiosperms,1652,Vaccinium uliginosum,alpine blueberry,Vaccinium,Ericaceae,L.,/species/vaccinium/uliginosum/?pile=woody-angiosperms
woody-angiosperms,2504,Lonicera maackii,Amur honeysuckle,Lonicera,Caprifoliaceae,(Rupr.) Herder,/species/lonicera/maackii/?pile=woody-angiosperms
woody-angiosperms,2395,Ribes triste,swamp red currant,Ribes,Grossulariaceae,Pallas,/species/ribes/triste/?pile=woody-angiosperms
woody-angiosperms,2200,Lonicera canadensis,American honeysuckle,Lonicera,Caprifoliaceae,Bartr. ex Marsh.,/species/lonicera/canadensis/?pile=woody-angiosperms
woody-angiosperms,609,Salix eriocephala,heart-leaved willow,Salix,Salicaceae,Michx.,/species/salix/eriocephala/?pile=woody-angiosperms
woody-angiosperms,1791,Elaeagnus umbellata,autumn-olive,Elaeagnus,Elaeagnaceae,Thunb.,/species/elaeagnus/umbellata/?pile=woody-angiosperms
woody-angiosperms,773,Philadelphus coronarius,sweet mock-orange,Philadelphus,Hydrangeaceae,L.,/species/philadelphus/coronarius/?pile=woody-angiosperms
woody-angiosperms,68,Kolkwitzia amabilis,beautybush,Kolkwitzia,Caprifoliaceae,Graebn.,/species/kolkwitzia/amabilis/?pile=woody-angiosperms
woody-angiosperms,2253,Ilex montana,big-leaved holly,Ilex,Aquifoliaceae,Torr. & Gray ex Gray,/species/ilex/montana/?pile=woody-angiosperms
woody-angiosperms,1423,Rosa multiflora,rambler rose,Rosa,Rosaceae,Thunb. ex Murr.,/species/rosa/multiflora/?pile=woody-angiosperms
woody-angiosperms,1119,Koelreuteria paniculata,golden rain-tree,Koelreuteria,Sapindaceae,Laxm.,/species/koelreuteria/paniculata/?pile=woody-angiosperms
woody-angiosperms,3309,Elaeagnus pungens,thorny-olive,Elaeagnus,Elaeagnaceae,Thunb.,/species/elaeagnus/pungens/?pile=woody-angiosperms
woody-angiosperms,2752,Syringa villosa,late lilac,Syringa,Oleaceae,Vahl,/species/syringa/villosa/?pile=woody-angiosperms
woody-angiosperms,960,Rubus enslenii,Enslen's blackberry,Rubus,Rosaceae,Tratt.,/species/rubus/enslenii/?pile=woody-angiosperms
woody-angiosperms,860,Lespedeza bicolor,two-colored bush-clover,Lespedeza,Fabaceae,Turcz.,/species/lespedeza/bicolor/?pile=woody-angiosperms
woody-angiosperms,648,Kerria japonica,Japanese-rose,Kerria,Rosaceae,(L.) DC.,/species/kerria/japonica/?pile=woody-angiosperms
woody-angiosperms,42,Philadelphus inodorus,scentless mock-orange,Philadelphus,Hydrangeaceae,L.,/species/philadelphus/inodorus/?pile=woody-angiosperms
woody-angiosperms,2448,Erica cinerea,Scotch heath,Erica,Ericaceae,L.,/species/erica/cinerea/?pile=woody-angiosperms
woody-angiosperms,784,Isotrema tomentosum,woolly Dutchman's pipe,Isotrema,Aristolochiaceae,(Sims) Huber,/species/isotrema/tomentosum/?pile=woody-angiosperms
woody-angiosperms,3364,Ilex crenata,Japanese holly,Ilex,Aquifoliaceae,Thunb.,/species/ilex/crenata/?pile=woody-angiosperms
woody-angiosperms,553,Ilex laevigata,smooth winterberry,Ilex,Aquifoliaceae,(Pursh) Gray,/species/ilex/laevigata/?pile=woody-angiosperms
woody-angiosperms,779,Sambucus racemosa,red elderberry,Sambucus,Adoxaceae,L.,/species/sambucus/racemosa/?pile=woody-angiosperms
woody-angiosperms,3285,Ostrya virginiana,hop-hornbeam,Ostrya,Betulaceae,(P. Mill.) K. Koch,/species/ostrya/virginiana/?pile=woody-angiosperms
woody-angiosperms,366,Fraxinus excelsior,European ash,Fraxinus,Oleaceae,L.,/species/fraxinus/excelsior/?pile=woody-angiosperms
woody-angiosperms,2093,Lonicera periclymenum,European honeysuckle,Lonicera,Caprifoliaceae,L.,/species/lonicera/periclymenum/?pile=woody-angiosperms
woody-angiosperms,938,Dasiphora floribunda,shrubby-cinquefoil,Dasiphora,Rosaceae,Raf.,/species/dasiphora/floribunda/?pile=woody-angiosperms
woody-angiosperms,3444,Lycium chinense,Chinese matrimony-vine,Lycium,Solanaceae,P. Mill.,/species/lycium/chinense/?pile=woody-angiosperms
woody-angiosperms,338,Spiraea alba,white meadowsweet,Spiraea,Rosaceae,Du Roi,/species/spiraea/alba/?pile=woody-angiosperms
woody-angiosperms,949,Kalopanax septemlobus,castor-aralia,Kalopanax,Apiaceae,(Thunb.) Koidz.,/species/kalopanax/septemlobus/?pile=woody-angiosperms
woody-angiosperms,3344,Isotrema macrophyllum,large-leaved Dutchman's pipe,Isotrema,Aristolochiaceae,(Lam.) C.F. Reed,/species/isotrema/macrophyllum/?pile=woody-angiosperms
woody-angiosperms,348,Pueraria montana,kudzu,Pueraria,Fabaceae,(Lour.) Merr.,/species/pueraria/montana/?pile=woody-angiosperms
woody-angiosperms,2156,Harrimanella hypnoides,moss-plant,Harrimanella,Ericaceae,(L.) Coville,/species/harrimanella/hypnoides/?pile=woody-angiosperms
woody-angiosperms,2913,Rubus recurvicaulis,arching blackberry,Rubus,Rosaceae,Blanch.,/species/rubus/recurvicaulis/?pile=woody-angiosperms
woody-angiosperms,1774,Cercidiphyllum japonicum,Katsura-tree,Cercidiphyllum,Cercidiphyllaceae,Sieb. & Zucc. ex J. Hoffman & H. Schult.,/species/cercidiphyllum/japonicum/?pile=woody-angiosperms
woody-angiosperms,3388,Akebia quinata,chocolate-vine,Akebia,Lardizabalaceae,(Houtt.) Dcne.,/species/akebia/quinata/?pile=woody-angiosperms
woody-angiosperms,337,Diervilla lonicera,bush-honeysuckle,Diervilla,Caprifoliaceae,P. Mill.,/species/diervilla/lonicera/?pile=woody-angiosperms
woody-angiosperms,1289,Rubus illecebrosus,strawberry raspberry,Rubus,Rosaceae,Focke,/species/rubus/illecebrosus/?pile=woody-angiosperms
woody-angiosperms,514,Populus deltoides,necklace poplar,Populus,Salicaceae,Bartr. ex Marsh.,/species/populus/deltoides/?pile=woody-angiosperms
woody-angiosperms,3049,Kalmia procumbens,Alpine-azalea,Kalmia,Ericaceae,"(L.) Gift, Kron, & P.F. Stevens ex Gala",/species/kalmia/procumbens/?pile=woody-angiosperms
woody-angiosperms,738,Juglans ailantifolia,Japanese walnut,Juglans,Juglandaceae,Carr.,/species/juglans/ailantifolia/?pile=woody-angiosperms
woody-angiosperms,2753,Rosa canina,dog rose,Rosa,Rosaceae,L.,/species/rosa/canina/?pile=woody-angiosperms
woody-angiosperms,1497,Rhododendron groenlandicum,Labrador-tea,Rhododendron,Ericaceae,(Oeder) Kron & Judd,/species/rhododendron/groenlandicum/?pile=woody-angiosperms
woody-angiosperms,1339,Kalmia polifolia,bog laurel,Kalmia,Ericaceae,Wangenh.,/species/kalmia/polifolia/?pile=woody-angiosperms
woody-angiosperms,2771,Halesia carolina,Carolina silverbell,Halesia,Styracaceae,L.,/species/halesia/carolina/?pile=woody-angiosperms
woody-angiosperms,521,Myrica gale,sweetgale,Myrica,Myricaceae,L.,/species/myrica/gale/?pile=woody-angiosperms
woody-angiosperms,596,Salix purpurea,basket willow,Salix,Salicaceae,L.,/species/salix/purpurea/?pile=woody-angiosperms
woody-angiosperms,244,Ribes hirtellum,hairy-stemmed gooseberry,Ribes,Grossulariaceae,Michx.,/species/ribes/hirtellum/?pile=woody-angiosperms
woody-angiosperms,585,Actinidia arguta,taravine,Actinidia,Actinidiaceae,(Sieb. & Zucc.) Planch. ex Miq.,/species/actinidia/arguta/?pile=woody-angiosperms
woody-angiosperms,1922,Rubus odoratus,flowering raspberry,Rubus,Rosaceae,L.,/species/rubus/odoratus/?pile=woody-angiosperms
woody-angiosperms,1862,Viburnum nudum,withe-rod,Viburnum,Adoxaceae,L.,/species/viburnum/nudum/?pile=woody-angiosperms
woody-angiosperms,2929,Vaccinium corymbosum,highbush blueberry,Vaccinium,Ericaceae,L.,/species/vaccinium/corymbosum/?pile=woody-angiosperms
woody-angiosperms,122,Toxicodendron rydbergii,western poison-ivy,Toxicodendron,Anacardiaceae,(Small ex Rydb.) Greene,/species/toxicodendron/rydbergii/?pile=woody-angiosperms
woody-angiosperms,2150,Betula cordifolia,heart-leaved paper birch,Betula,Betulaceae,Regel,/species/betula/cordifolia/?pile=woody-angiosperms
woody-angiosperms,564,Salix petiolaris,meadow willow,Salix,Salicaceae,Sm.,/species/salix/petiolaris/?pile=woody-angiosperms
woody-angiosperms,2153,Ligustrum ovalifolium,California privet,Ligustrum,Oleaceae,Hassk.,/species/ligustrum/ovalifolium/?pile=woody-angiosperms
woody-angiosperms,1378,Decodon verticillatus,swamp-loosestrife,Decodon,Lythraceae,(L.) Ell.,/species/decodon/verticillatus/?pile=woody-angiosperms
woody-angiosperms,2390,Ribes cynosbati,eastern prickly gooseberry,Ribes,Grossulariaceae,L.,/species/ribes/cynosbati/?pile=woody-angiosperms
woody-angiosperms,3313,Kalmia latifolia,mountain laurel,Kalmia,Ericaceae,L.,/species/kalmia/latifolia/?pile=woody-angiosperms
woody-angiosperms,1117,Rubus laciniatus,cut-leaved blackberry,Rubus,Rosaceae,Willd.,/species/rubus/laciniatus/?pile=woody-angiosperms
woody-angiosperms,342,Smilax glauca,glaucous-leaved greenbriar,Smilax,Smilacaceae,Walt.,/species/smilax/glauca/?pile=woody-angiosperms
woody-angiosperms,1640,Rubus occidentalis,black raspberry,Rubus,Rosaceae,L.,/species/rubus/occidentalis/?pile=woody-angiosperms
woody-angiosperms,3229,Rubus hispidus,swamp dewberry,Rubus,Rosaceae,L.,/species/rubus/hispidus/?pile=woody-angiosperms
woody-angiosperms,2535,Viburnum lantanoides,hobblebush,Viburnum,Adoxaceae,Michx.,/species/viburnum/lantanoides/?pile=woody-angiosperms
woody-angiosperms,1996,Gleditsia triacanthos,honey-locust,Gleditsia,Fabaceae,L.,/species/gleditsia/triacanthos/?pile=woody-angiosperms
woody-angiosperms,1014,Ilex opaca,American holly,Ilex,Aquifoliaceae,Ait.,/species/ilex/opaca/?pile=woody-angiosperms
woody-angiosperms,1764,Hypericum stragulum,multi-stemmed St. John's-wort,Hypericum,Hypericaceae,P. Adams & Robson,/species/hypericum/stragulum/?pile=woody-angiosperms
woody-angiosperms,1452,Hypericum prolificum,shrubby St. John's-wort,Hypericum,Hypericaceae,L.,/species/hypericum/prolificum/?pile=woody-angiosperms
woody-angiosperms,2327,Hydrangea quercifolia,oak-leaved hydrangea,Hydrangea,Hydrangeaceae,Bartr.,/species/hydrangea/quercifolia/?pile=woody-angiosperms
woody-angiosperms,276,Swida sericea,red-osier dogwood,Swida,Cornaceae,(L.) Holub,/species/swida/sericea/?pile=woody-angiosperms
woody-angiosperms,1981,Acer saccharinum,silver maple,Acer,Sapindaceae,L.,/species/acer/saccharinum/?pile=woody-angiosperms
woody-angiosperms,1576,Quercus rubra,northern red oak,Quercus,Fagaceae,L.,/species/quercus/rubra/?pile=woody-angiosperms
woody-angiosperms,1015,Viburnum acerifolium,maple-leaved viburnum,Viburnum,Adoxaceae,L.,/species/viburnum/acerifolium/?pile=woody-angiosperms
woody-angiosperms,123,Ailanthus altissima,tree-of-heaven,Ailanthus,Simaroubaceae,(P. Mill.) Swingle,/species/ailanthus/altissima/?pile=woody-angiosperms
woody-angiosperms,1075,Comptonia peregrina,sweet-fern,Comptonia,Myricaceae,(L.) Coult.,/species/comptonia/peregrina/?pile=woody-angiosperms
woody-angiosperms,3450,Crataegus chrysocarpa,fireberry hawthorn,Crataegus,Rosaceae,Ashe,/species/crataegus/chrysocarpa/?pile=woody-angiosperms
woody-angiosperms,1277,Rhus copallinum,winged sumac,Rhus,Anacardiaceae,L.,/species/rhus/copallinum/?pile=woody-angiosperms
woody-angiosperms,321,Ligustrum obtusifolium,border privet,Ligustrum,Oleaceae,Sieb. & Zucc.,/species/ligustrum/obtusifolium/?pile=woody-angiosperms
woody-angiosperms,902,Swida racemosa,gray dogwood,Swida,Cornaceae,(Lam.) Moldenke,/species/swida/racemosa/?pile=woody-angiosperms
woody-angiosperms,940,Acer rubrum,red maple,Acer,Sapindaceae,L.,/species/acer/rubrum/?pile=woody-angiosperms
woody-angiosperms,802,Quercus macrocarpa,burr oak,Quercus,Fagaceae,Michx.,/species/quercus/macrocarpa/?pile=woody-angiosperms
woody-angiosperms,2215,Elaeagnus angustifolia,Russian-olive,Elaeagnus,Elaeagnaceae,L.,/species/elaeagnus/angustifolia/?pile=woody-angiosperms
woody-angiosperms,1281,Leucothoe fontanesiana,fetterbush,Leucothoe,Ericaceae,(Steud.) Sleumer,/species/leucothoe/fontanesiana/?pile=woody-angiosperms
woody-angiosperms,1722,Toxicodendron vernix,poison-sumac,Toxicodendron,Anacardiaceae,(L.) Kuntze,/species/toxicodendron/vernix/?pile=woody-angiosperms
woody-angiosperms,1177,Forsythia suspensa,weeping forsythia,Forsythia,Oleaceae,(Thunb.) Vahl,/species/forsythia/suspensa/?pile=woody-angiosperms
woody-angiosperms,2758,Acer pensylvanicum,striped maple,Acer,Sapindaceae,L.,/species/acer/pensylvanicum/?pile=woody-angiosperms
woody-angiosperms,706,Salix cinerea,gray willow,Salix,Salicaceae,L.,/species/salix/cinerea/?pile=woody-angiosperms
woody-angiosperms,3265,Ribes lacustre,bristly swamp currant,Ribes,Grossulariaceae,(Pers.) Poir.,/species/ribes/lacustre/?pile=woody-angiosperms
woody-angiosperms,162,Rosa palustris,swamp rose,Rosa,Rosaceae,Marsh.,/species/rosa/palustris/?pile=woody-angiosperms
woody-angiosperms,1341,Berberis aquifolium,holly-leaved Oregon-grape,Berberis,Berberidaceae,Pursh,/species/berberis/aquifolium/?pile=woody-angiosperms
woody-angiosperms,3037,Robinia viscosa,clammy locust,Robinia,Fabaceae,Vent.,/species/robinia/viscosa/?pile=woody-angiosperms
woody-angiosperms,805,Rhododendron viscosum,clammy azalea,Rhododendron,Ericaceae,(L.) Torr.,/species/rhododendron/viscosum/?pile=woody-angiosperms
woody-angiosperms,2776,Populus alba,white poplar,Populus,Salicaceae,L.,/species/populus/alba/?pile=woody-angiosperms
woody-angiosperms,1215,Ampelopsis cordata,heart-leaved peppervine,Ampelopsis,Vitaceae,Michx.,/species/ampelopsis/cordata/?pile=woody-angiosperms
woody-angiosperms,3217,Acer pseudoplatanus,sycamore maple,Acer,Sapindaceae,L.,/species/acer/pseudoplatanus/?pile=woody-angiosperms
woody-angiosperms,2440,Quercus bicolor,swamp white oak,Quercus,Fagaceae,Willd.,/species/quercus/bicolor/?pile=woody-angiosperms
woody-angiosperms,503,Gaylussacia frondosa,blue huckleberry,Gaylussacia,Ericaceae,(L.) Torr. & Gray ex Torr.,/species/gaylussacia/frondosa/?pile=woody-angiosperms
woody-angiosperms,2223,Ribes nigrum,garden black currant,Ribes,Grossulariaceae,L.,/species/ribes/nigrum/?pile=woody-angiosperms
woody-angiosperms,1624,Juglans nigra,black walnut,Juglans,Juglandaceae,L.,/species/juglans/nigra/?pile=woody-angiosperms
woody-angiosperms,1180,Gaultheria procumbens,eastern spicy-wintergreen,Gaultheria,Ericaceae,L.,/species/gaultheria/procumbens/?pile=woody-angiosperms
woody-angiosperms,1673,Zanthoxylum americanum,common prickly-ash,Zanthoxylum,Rutaceae,P. Mill.,/species/zanthoxylum/americanum/?pile=woody-angiosperms
woody-angiosperms,2495,Ilex verticillata,common winterberry,Ilex,Aquifoliaceae,(L.) Gray,/species/ilex/verticillata/?pile=woody-angiosperms
woody-angiosperms,3251,Rubus phoenicolasius,wine raspberry,Rubus,Rosaceae,Maxim.,/species/rubus/phoenicolasius/?pile=woody-angiosperms
woody-angiosperms,3481,Tilia platyphyllos,large-leaved basswood,Tilia,Malvaceae,Scop.,/species/tilia/platyphyllos/?pile=woody-angiosperms
woody-angiosperms,3068,Prunus mahaleb,Mahaleb cherry,Prunus,Rosaceae,L.,/species/prunus/mahaleb/?pile=woody-angiosperms
woody-angiosperms,2112,Salix amygdaloides,peach-leaved willow,Salix,Salicaceae,Anderss.,/species/salix/amygdaloides/?pile=woody-angiosperms
woody-angiosperms,1590,Rubus setosus,setose blackberry,Rubus,Rosaceae,Bigelow,/species/rubus/setosus/?pile=woody-angiosperms
woody-angiosperms,1703,Prunus cerasifera,cherry plum,Prunus,Rosaceae,Ehrh.,/species/prunus/cerasifera/?pile=woody-angiosperms
woody-angiosperms,811,Chamaedaphne calyculata,leatherleaf,Chamaedaphne,Ericaceae,(L.) Moench,/species/chamaedaphne/calyculata/?pile=woody-angiosperms
woody-angiosperms,2275,Rhus glabra,smooth sumac,Rhus,Anacardiaceae,L.,/species/rhus/glabra/?pile=woody-angiosperms
woody-angiosperms,3371,Ampelopsis glandulosa,Amur peppervine,Ampelopsis,Vitaceae,(Wallich) Momiy.,/species/ampelopsis/glandulosa/?pile=woody-angiosperms
woody-angiosperms,974,Cotinus coggygria,European smoketree,Cotinus,Anacardiaceae,Scop.,/species/cotinus/coggygria/?pile=woody-angiosperms
woody-angiosperms,1337,Acer platanoides,Norway maple,Acer,Sapindaceae,L.,/species/acer/platanoides/?pile=woody-angiosperms
woody-angiosperms,842,Frangula alnus,glossy false buckthorn,Frangula,Rhamnaceae,P. Mill.,/species/frangula/alnus/?pile=woody-angiosperms
woody-angiosperms,910,Quercus cerris,European turkey oak,Quercus,Fagaceae,L.,/species/quercus/cerris/?pile=woody-angiosperms
woody-angiosperms,425,Epigaea repens,trailing-arbutus,Epigaea,Ericaceae,L.,/species/epigaea/repens/?pile=woody-angiosperms
woody-angiosperms,3466,Malus pumila,cultivated apple,Malus,Rosaceae,P. Mill.,/species/malus/pumila/?pile=woody-angiosperms
woody-angiosperms,1190,Dirca palustris,eastern leatherwood,Dirca,Thymelaeaceae,L.,/species/dirca/palustris/?pile=woody-angiosperms
woody-angiosperms,1852,Ilex mucronata,mountain holly,Ilex,Aquifoliaceae,"(L.) M. Powell, Savol., & S. Andrews",/species/ilex/mucronata/?pile=woody-angiosperms
woody-angiosperms,2031,Fallopia baldschuanica,Chinese bindweed,Fallopia,Polygonaceae,(Regel) Holub,/species/fallopia/baldschuanica/?pile=woody-angiosperms
woody-angiosperms,2164,Acer ginnala,Amur maple,Acer,Sapindaceae,Maxim.,/species/acer/ginnala/?pile=woody-angiosperms
woody-angiosperms,219,Rubus arenicola,sandy field blackberry,Rubus,Rosaceae,Blanch.,/species/rubus/arenicola/?pile=woody-angiosperms
woody-angiosperms,1995,Quercus alba,eastern white oak,Quercus,Fagaceae,L.,/species/quercus/alba/?pile=woody-angiosperms
woody-angiosperms,673,Rosa sempervirens,evergreen rose,Rosa,Rosaceae,L.,/species/rosa/sempervirens/?pile=woody-angiosperms
woody-angiosperms,3486,Phellodendron amurense,Amur corktree,Phellodendron,Rutaceae,Rupr.,/species/phellodendron/amurense/?pile=woody-angiosperms
woody-angiosperms,899,Hydrangea paniculata,panicled hydrangea,Hydrangea,Hydrangeaceae,Sieb.,/species/hydrangea/paniculata/?pile=woody-angiosperms
woody-angiosperms,235,Malus baccata,Siberian crab apple,Malus,Rosaceae,(L.) Borkh.,/species/malus/baccata/?pile=woody-angiosperms
woody-angiosperms,1262,Sassafras albidum,sassafras,Sassafras,Lauraceae,(Nutt.) Nees,/species/sassafras/albidum/?pile=woody-angiosperms
woody-angiosperms,218,Rosa carolina,Carolina rose,Rosa,Rosaceae,L.,/species/rosa/carolina/?pile=woody-angiosperms
woody-angiosperms,2861,Cotoneaster divaricatus,spreading cotoneaster,Cotoneaster,Rosaceae,Rehd. & Wilson in Sarg.,/species/cotoneaster/divaricatus/?pile=woody-angiosperms
woody-angiosperms,1706,Rhododendron periclymenoides,pinxterbloom azalea,Rhododendron,Ericaceae,(Michx.) Shinners,/species/rhododendron/periclymenoides/?pile=woody-angiosperms
woody-angiosperms,2304,Staphylea trifolia,American bladdernut,Staphylea,Staphyleaceae,L.,/species/staphylea/trifolia/?pile=woody-angiosperms
woody-angiosperms,3433,Acer palmatum,Japanese maple,Acer,Sapindaceae,Thunb.,/species/acer/palmatum/?pile=woody-angiosperms
woody-angiosperms,639,Rubus bifrons,twice-leaved blackberry,Rubus,Rosaceae,Vest ex Tratt.,/species/rubus/bifrons/?pile=woody-angiosperms
woody-angiosperms,1034,Rosa gallica,French rose,Rosa,Rosaceae,L.,/species/rosa/gallica/?pile=woody-angiosperms
woody-angiosperms,1628,Amelanchier sanguinea,round-leaved shadbush,Amelanchier,Rosaceae,(Pursh) DC.,/species/amelanchier/sanguinea/?pile=woody-angiosperms
woody-angiosperms,2514,Acer tataricum,Tatarian maple,Acer,Sapindaceae,L.,/species/acer/tataricum/?pile=woody-angiosperms
woody-angiosperms,2915,Phyllodoce caerulea,purple mountain-heath,Phyllodoce,Ericaceae,(L.) Bab.,/species/phyllodoce/caerulea/?pile=woody-angiosperms
woody-angiosperms,2397,Arceuthobium pusillum,dwarf mistletoe,Arceuthobium,Viscaceae,Peck,/species/arceuthobium/pusillum/?pile=woody-angiosperms
woody-angiosperms,3312,Ilex aquifolium,English holly,Ilex,Aquifoliaceae,L.,/species/ilex/aquifolium/?pile=woody-angiosperms
woody-angiosperms,2773,Swida amomum,silky dogwood,Swida,Cornaceae,(P. Mill.) Small,/species/swida/amomum/?pile=woody-angiosperms
woody-angiosperms,20,Lonicera dioica,wild honeysuckle,Lonicera,Caprifoliaceae,L.,/species/lonicera/dioica/?pile=woody-angiosperms
woody-angiosperms,2229,Lonicera villosa,mountain honeysuckle,Lonicera,Caprifoliaceae,(Michx.) J.A. Schultes,/species/lonicera/villosa/?pile=woody-angiosperms
woody-angiosperms,3099,Amelanchier nantucketensis,Nantucket shadbush,Amelanchier,Rosaceae,Bickn.,/species/amelanchier/nantucketensis/?pile=woody-angiosperms
woody-angiosperms,592,Lonicera xylosteum,fly honeysuckle,Lonicera,Caprifoliaceae,L.,/species/lonicera/xylosteum/?pile=woody-angiosperms
woody-angiosperms,2905,Gaylussacia bigeloviana,dwarf huckleberry,Gaylussacia,Ericaceae,(Fern.) Sorrie & Weakley,/species/gaylussacia/bigeloviana/?pile=woody-angiosperms
woody-angiosperms,956,Platanus occidentalis,American sycamore,Platanus,Platanaceae,L.,/species/platanus/occidentalis/?pile=woody-angiosperms
woody-angiosperms,2583,Ulmus rubra,slippery elm,Ulmus,Ulmaceae,Muhl.,/species/ulmus/rubra/?pile=woody-angiosperms
woody-angiosperms,55,Magnolia virginiana,sweet-bay,Magnolia,Magnoliaceae,L.,/species/magnolia/virginiana/?pile=woody-angiosperms
woody-angiosperms,1779,Rhamnus cathartica,European buckthorn,Rhamnus,Rhamnaceae,L.,/species/rhamnus/cathartica/?pile=woody-angiosperms
woody-angiosperms,2942,Lonicera morrowii,Morrow's honeysuckle,Lonicera,Caprifoliaceae,Gray,/species/lonicera/morrowii/?pile=woody-angiosperms
woody-angiosperms,236,Quercus montana,mountain chestnut oak,Quercus,Fagaceae,Willd.,/species/quercus/montana/?pile=woody-angiosperms
woody-angiosperms,420,Ulmus pumila,Siberian elm,Ulmus,Ulmaceae,L.,/species/ulmus/pumila/?pile=woody-angiosperms
woody-angiosperms,1659,Amelanchier intermedia,intermediate shadbush,Amelanchier,Rosaceae,Spach,/species/amelanchier/intermedia/?pile=woody-angiosperms
woody-angiosperms,686,Magnolia acuminata,cucumber-tree,Magnolia,Magnoliaceae,L.,/species/magnolia/acuminata/?pile=woody-angiosperms
woody-angiosperms,3480,Pieris floribunda,mountain fetterbush,Pieris,Ericaceae,(Pursh) Benth. & Hook. f.,/species/pieris/floribunda/?pile=woody-angiosperms
woody-angiosperms,1871,Rhamnus alnifolia,alder-leaved buckthorn,Rhamnus,Rhamnaceae,L'Hér.,/species/rhamnus/alnifolia/?pile=woody-angiosperms
woody-angiosperms,2597,Chimaphila umbellata,noble prince's-pine,Chimaphila,Ericaceae,(L.) W. Bart.,/species/chimaphila/umbellata/?pile=woody-angiosperms
woody-angiosperms,822,Lonicera japonica,Japanese honeysuckle,Lonicera,Caprifoliaceae,Thunb.,/species/lonicera/japonica/?pile=woody-angiosperms
woody-angiosperms,2443,Salix lucida,shining willow,Salix,Salicaceae,Muhl.,/species/salix/lucida/?pile=woody-angiosperms
woody-angiosperms,1552,Maclura pomifera,Osage-orange,Maclura,Moraceae,(Raf.) Schneid.,/species/maclura/pomifera/?pile=woody-angiosperms
woody-angiosperms,375,Prunus virginiana,choke cherry,Prunus,Rosaceae,L.,/species/prunus/virginiana/?pile=woody-angiosperms
woody-angiosperms,2767,Crataegus phaenopyrum,Washington hawthorn,Crataegus,Rosaceae,(L. f.) Medik.,/species/crataegus/phaenopyrum/?pile=woody-angiosperms
woody-angiosperms,1948,Cladrastis kentukea,Kentucky yellow-wood,Cladrastis,Fabaceae,(Dum.-Cours.) Rudd,/species/cladrastis/kentukea/?pile=woody-angiosperms
woody-angiosperms,3439,Tilia petiolaris,pendent silver linden,Tilia,Malvaceae,DC.,/species/tilia/petiolaris/?pile=woody-angiosperms
woody-angiosperms,1225,Amelanchier laevis,smooth shadbush,Amelanchier,Rosaceae,Wieg.,/species/amelanchier/laevis/?pile=woody-angiosperms
woody-angiosperms,1377,Physocarpus opulifolius,Atlantic ninebark,Physocarpus,Rosaceae,(L.) Maxim.,/species/physocarpus/opulifolius/?pile=woody-angiosperms
woody-angiosperms,2179,Fraxinus pennsylvanica,green ash,Fraxinus,Oleaceae,Marsh.,/species/fraxinus/pennsylvanica/?pile=woody-angiosperms
woody-angiosperms,841,Prunus pensylvanica,pin cherry,Prunus,Rosaceae,L. f.,/species/prunus/pensylvanica/?pile=woody-angiosperms
woody-angiosperms,1082,Tilia americana,American linden,Tilia,Malvaceae,L.,/species/tilia/americana/?pile=woody-angiosperms
woody-angiosperms,2001,Ilex glabra,inkberry,Ilex,Aquifoliaceae,(L.) Gray,/species/ilex/glabra/?pile=woody-angiosperms
woody-angiosperms,112,Platanus hybrida,London sycamore,Platanus,Platanaceae,Brot.,/species/platanus/hybrida/?pile=woody-angiosperms
woody-angiosperms,696,Viburnum lentago,nannyberry,Viburnum,Adoxaceae,L.,/species/viburnum/lentago/?pile=woody-angiosperms
woody-angiosperms,1935,Eleutherococcus pentaphyllus,five-leaved-aralia,Eleutherococcus,Apiaceae,(Sieb. & Zucc.) Nakai,/species/eleutherococcus/pentaphyllus/?pile=woody-angiosperms
woody-angiosperms,1904,Crataegus oakesiana,Oakes' hawthorn,Crataegus,Rosaceae,Egglest.,/species/crataegus/oakesiana/?pile=woody-angiosperms
woody-angiosperms,2159,Cercis canadensis,redbud,Cercis,Fabaceae,L.,/species/cercis/canadensis/?pile=woody-angiosperms
woody-angiosperms,297,Amelanchier spicata,dwarf shadbush,Amelanchier,Rosaceae,(Lam.) K. Koch,/species/amelanchier/spicata/?pile=woody-angiosperms
woody-angiosperms,1520,Acer campestre,hedge maple,Acer,Sapindaceae,L.,/species/acer/campestre/?pile=woody-angiosperms
woody-angiosperms,2172,Ptelea trifoliata,common hoptree,Ptelea,Rutaceae,L.,/species/ptelea/trifoliata/?pile=woody-angiosperms
woody-angiosperms,378,Rhododendron canadense,rhodora,Rhododendron,Ericaceae,(L.) Torr.,/species/rhododendron/canadense/?pile=woody-angiosperms
woody-angiosperms,1331,Lyonia ligustrina,maleberry,Lyonia,Ericaceae,(L.) DC.,/species/lyonia/ligustrina/?pile=woody-angiosperms
woody-angiosperms,676,Aralia nudicaulis,wild sarsaparilla,Aralia,Apiaceae,L.,/species/aralia/nudicaulis/?pile=woody-angiosperms
woody-angiosperms,494,Parthenocissus tricuspidata,Boston-ivy,Parthenocissus,Vitaceae,(Sieb. & Zucc.) Planch.,/species/parthenocissus/tricuspidata/?pile=woody-angiosperms
woody-angiosperms,3028,Smilax rotundifolia,roundleaf greenbrier,Smilax,Smilacaceae,L.,/species/smilax/rotundifolia/?pile=woody-angiosperms
woody-angiosperms,2717,Fraxinus nigra,black ash,Fraxinus,Oleaceae,Marsh.,/species/fraxinus/nigra/?pile=woody-angiosperms
woody-angiosperms,1499,Ulmus americana,American elm,Ulmus,Ulmaceae,L.,/species/ulmus/americana/?pile=woody-angiosperms
woody-angiosperms,1945,Andromeda polifolia,bog-rosemary,Andromeda,Ericaceae,L.,/species/andromeda/polifolia/?pile=woody-angiosperms
woody-angiosperms,1896,Lonicera tatarica,Tatarian honeysuckle,Lonicera,Caprifoliaceae,L.,/species/lonicera/tatarica/?pile=woody-angiosperms
woody-angiosperms,6,Crataegus macrosperma,large-seeded hawthorn,Crataegus,Rosaceae,Ashe,/species/crataegus/macrosperma/?pile=woody-angiosperms
woody-angiosperms,385,Ligustrum vulgare,European privet,Ligustrum,Oleaceae,L.,/species/ligustrum/vulgare/?pile=woody-angiosperms
woody-angiosperms,81,Amelanchier humilis,low shadbush,Amelanchier,Rosaceae,Wieg.,/species/amelanchier/humilis/?pile=woody-angiosperms
woody-angiosperms,1716,Philadelphus pubescens,hoary mock-orange,Philadelphus,Hydrangeaceae,Loisel.,/species/philadelphus/pubescens/?pile=woody-angiosperms
woody-angiosperms,198,Euonymus europaeus,European spindle-tree,Euonymus,Celastraceae,L.,/species/euonymus/europaeus/?pile=woody-angiosperms
woody-angiosperms,1432,Sorbaria sorbifolia,false spiraea,Sorbaria,Rosaceae,(L.) A. Braun,/species/sorbaria/sorbifolia/?pile=woody-angiosperms
woody-angiosperms,1890,Paulownia tomentosa,empress-tree,Paulownia,Paulowniaceae,(Thunb.) Sieb. & Zucc. ex Steud.,/species/paulownia/tomentosa/?pile=woody-angiosperms
woody-angiosperms,3274,Parthenocissus quinquefolia,Virginia-creeper,Parthenocissus,Vitaceae,(L.) Planch.,/species/parthenocissus/quinquefolia/?pile=woody-angiosperms
woody-angiosperms,1241,Euonymus phellomanus,cork spindle-tree,Euonymus,Celastraceae,Loes. ex Diels,/species/euonymus/phellomanus/?pile=woody-angiosperms
woody-angiosperms,783,Fraxinus americana,white ash,Fraxinus,Oleaceae,L.,/species/fraxinus/americana/?pile=woody-angiosperms
woody-angiosperms,2144,Syringa josikaea,Hungarian lilac,Syringa,Oleaceae,Jacq. f. ex Reichenb.,/species/syringa/josikaea/?pile=woody-angiosperms
woody-angiosperms,791,Menispermum canadense,Canada moonseed,Menispermum,Menispermaceae,L.,/species/menispermum/canadense/?pile=woody-angiosperms
woody-angiosperms,111,Quercus ilicifolia,scrub oak,Quercus,Fagaceae,Wangenh.,/species/quercus/ilicifolia/?pile=woody-angiosperms
woody-angiosperms,2434,Amelanchier gaspensis,Gaspe shadbush,Amelanchier,Rosaceae,(Wieg.) Fern. & Weatherby,/species/amelanchier/gaspensis/?pile=woody-angiosperms
woody-angiosperms,3071,Aesculus hippocastanum,horse-chestnut,Aesculus,Sapindaceae,L.,/species/aesculus/hippocastanum/?pile=woody-angiosperms
woody-angiosperms,3353,Acer saccharum,sugar maple,Acer,Sapindaceae,Marsh.,/species/acer/saccharum/?pile=woody-angiosperms
woody-angiosperms,2110,Viburnum dentatum,smooth arrowwood,Viburnum,Adoxaceae,L.,/species/viburnum/dentatum/?pile=woody-angiosperms
woody-angiosperms,2322,Parthenocissus inserta,thicket-creeper,Parthenocissus,Vitaceae,(Kerner) Fritsch,/species/parthenocissus/inserta/?pile=woody-angiosperms
woody-angiosperms,1255,Hydrangea cinerea,ashy hydrangea,Hydrangea,Hydrangeaceae,Small,/species/hydrangea/cinerea/?pile=woody-angiosperms
woody-angiosperms,2135,Gaylussacia baccata,black huckleberry,Gaylussacia,Ericaceae,(Wangenh.) K. Koch,/species/gaylussacia/baccata/?pile=woody-angiosperms
woody-angiosperms,1356,Eubotrys racemosa,swamp dog-hobble,Eubotrys,Ericaceae,(L.) Nutt.,/species/eubotrys/racemosa/?pile=woody-angiosperms
woody-angiosperms,213,Celastrus orbiculatus,Asiatic bittersweet,Celastrus,Celastraceae,Thunb.,/species/celastrus/orbiculatus/?pile=woody-angiosperms
woody-angiosperms,931,Aronia melanocarpa,black chokeberry,Aronia,Rosaceae,(Michx.) Ell.,/species/aronia/melanocarpa/?pile=woody-angiosperms
woody-angiosperms,2711,Rosa rugosa,beach rose,Rosa,Rosaceae,Thunb.,/species/rosa/rugosa/?pile=woody-angiosperms
woody-angiosperms,274,Quercus stellata,post oak,Quercus,Fagaceae,Wangenh.,/species/quercus/stellata/?pile=woody-angiosperms
woody-angiosperms,2383,Swida rugosa,round-leaved dogwood,Swida,Cornaceae,(Lam.) Rydb.,/species/swida/rugosa/?pile=woody-angiosperms
woody-angiosperms,200,Aesculus glabra,Ohio buckeye,Aesculus,Sapindaceae,Willd.,/species/aesculus/glabra/?pile=woody-angiosperms
woody-angiosperms,2485,Viburnum rafinesquianum,downy arrowwood,Viburnum,Adoxaceae,J.A. Schultes,/species/viburnum/rafinesquianum/?pile=woody-angiosperms
woody-angiosperms,2893,Juglans cinerea,butternut,Juglans,Juglandaceae,L.,/species/juglans/cinerea/?pile=woody-angiosperms
woody-angiosperms,1193,Rosa sherardii,Sherard's downy rose,Rosa,Rosaceae,Davies,/species/rosa/sherardii/?pile=woody-angiosperms
woody-angiosperms,1654,Celtis occidentalis,common hackberry,Celtis,Cannabaceae,L.,/species/celtis/occidentalis/?pile=woody-angiosperms
woody-angiosperms,3418,Vaccinium oxycoccos,small cranberry,Vaccinium,Ericaceae,L.,/species/vaccinium/oxycoccos/?pile=woody-angiosperms
woody-angiosperms,3342,Populus tremula,European poplar,Populus,Salicaceae,L.,/species/populus/tremula/?pile=woody-angiosperms
woody-angiosperms,1060,Liquidambar styraciflua,sweet-gum,Liquidambar,Altingiaceae,L.,/species/liquidambar/styraciflua/?pile=woody-angiosperms
woody-angiosperms,3178,Gaultheria hispidula,creeping spicy-wintergreen,Gaultheria,Ericaceae,(L.) Muhl. ex Bigelow,/species/gaultheria/hispidula/?pile=woody-angiosperms
woody-angiosperms,3412,Cardiospermum halicacabum,balloon-vine,Cardiospermum,Sapindaceae,L.,/species/cardiospermum/halicacabum/?pile=woody-angiosperms
woody-angiosperms,30,Cytisus scoparius,Scotch broom,Cytisus,Fabaceae,(L.) Link,/species/cytisus/scoparius/?pile=woody-angiosperms
